"ip_address","nick_name","start_time","end_time","pic_id","response_no","conf_level","choice_reason","description"
NA,"A321AGEY23DDEH",1469733083.85133,1469733089.21247,14,"1","Very Uncertain","Least Complex Structure","turk21"
NA,"A7KLTVEIASF4J",1469733084.07972,1469733089.47084,14,"1","Very Uncertain","Least Complex Structure","turk21"
NA,"A1FMCJY3HXP0SA",1469733063.05808,1469733091.73713,1,"2","Certain","Other, only one with bigger than a triangle","turk21"
NA,"A3O3X4G41BPMJR",1469733083.92955,1469733092.71135,14,"10","Certain","Least Complex Structure","turk21"
NA,"A7KLTVEIASF4J",1469733089.54855,1469733093.73832,24,"2","Neutral","Most Complex Structure","turk21"
NA,"A321AGEY23DDEH",1469733089.28716,1469733094.67679,24,"4","Very Uncertain","Least Complex Structure","turk21"
NA,"A7KLTVEIASF4J",1469733093.78597,1469733103.21342,11,"7","Very Uncertain","Least Complex Structure","turk21"
NA,"A321AGEY23DDEH",1469733094.72495,1469733105.18029,11,"8","Very Uncertain","Least Complex Structure","turk21"
NA,"A3O3X4G41BPMJR",1469733092.75414,1469733105.5883,24,"9","Neutral","Least Complex Structure","turk21"
NA,"A321AGEY23DDEH",1469733105.23768,1469733110.36039,21,"3","Very Uncertain","Least Complex Structure","turk21"
NA,"A7KLTVEIASF4J",1469733103.26336,1469733111.30648,21,"5","Very Uncertain","Most Complex Structure","turk21"
NA,"APZEIAO75NCHM",1469733088.95199,1469733111.92403,14,"6","Very Uncertain","Most Complex Structure","turk21"
NA,"A321AGEY23DDEH",1469733110.40579,1469733115.57443,3,"4","Very Uncertain","Least Complex Structure","turk21"
NA,"A3O3X4G41BPMJR",1469733105.63423,1469733118.1272,11,"8","Certain","Least Complex Structure","turk21"
NA,"A7KLTVEIASF4J",1469733111.34978,1469733118.46194,3,"8","Very Uncertain","Least Complex Structure","turk21"
NA,"A321AGEY23DDEH",1469733115.6158,1469733120.71341,23,"8","Very Uncertain","Least Complex Structure","turk21"
NA,"A2DFKPLWP01UF3",1469733115.97011,1469733123.03362,8,"2,7,9","Certain","Least Complex Structure","turk21"
NA,"A3O3X4G41BPMJR",1469733118.19587,1469733123.84401,21,"5","Certain","Most Complex Structure","turk21"
NA,"A7KLTVEIASF4J",1469733118.50706,1469733124.78927,23,"6","Very Uncertain","Least Complex Structure","turk21"
NA,"A321AGEY23DDEH",1469733120.76453,1469733126.50336,9,"3","Very Uncertain","Least Complex Structure","turk21"
NA,"A2DFKPLWP01UF3",1469733123.08167,1469733129.66579,24,"5,8,11,6","Uncertain","Most Complex Structure","turk21"
NA,"A3O3X4G41BPMJR",1469733123.88922,1469733132.905,3,"8","Neutral","Least Complex Structure","turk21"
NA,"A321AGEY23DDEH",1469733126.54876,1469733133.33513,17,"5","Very Uncertain","Most Complex Structure","turk21"
NA,"APZEIAO75NCHM",1469733112.09749,1469733139.52253,24,"12","Very Uncertain","Most Complex Structure","turk21"
NA,"A2DFKPLWP01UF3",1469733129.71393,1469733139.94297,3,"2,7,8,9","Certain","Least Complex Structure","turk21"
NA,"A3O3X4G41BPMJR",1469733132.95385,1469733140.94141,23,"2","Certain","Most Complex Structure","turk21"
NA,"A7KLTVEIASF4J",1469733124.86629,1469733143.36752,9,"3","Very Uncertain","Least Complex Structure","turk21"
NA,"A2DFKPLWP01UF3",1469733139.99344,1469733145.55409,25,"2,3,7,9,11","Neutral","Least Complex Structure","turk21"
NA,"APZEIAO75NCHM",1469733139.69895,1469733150.84155,11,"6","Very Uncertain","Most Complex Structure","turk21"
NA,"A321AGEY23DDEH",1469733133.40923,1469733152.19193,5,"2","Very Uncertain","Least Complex Structure","turk21"
NA,"A3O3X4G41BPMJR",1469733140.9863,1469733153.94054,9,"12","Certain","Most Complex Structure","turk21"
NA,"APZEIAO75NCHM",1469733150.92326,1469733156.84677,21,"1","Very Uncertain","Least Complex Structure","turk21"
NA,"A321AGEY23DDEH",1469733152.25313,1469733156.97836,25,"5","Very Uncertain","Least Complex Structure","turk21"
NA,"A7KLTVEIASF4J",1469733143.40709,1469733157.14835,17,"6","Very Uncertain","Least Complex Structure","turk21"
NA,"A2DFKPLWP01UF3",1469733145.61139,1469733161.44523,13,"2,8,6","Neutral","Least Complex Structure","turk21"
NA,"A7KLTVEIASF4J",1469733157.24067,1469733162.91488,5,"11","Very Uncertain","Least Complex Structure","turk21"
NA,"A3O3X4G41BPMJR",1469733153.98779,1469733165.15209,17,"5","Neutral","Most Complex Structure","turk21"
NA,"A2DFKPLWP01UF3",1469733161.49784,1469733165.60672,14,"2,7,4,10","Uncertain","Least Complex Structure","turk21"
NA,"A7KLTVEIASF4J",1469733162.96213,1469733166.72449,25,"5","Very Uncertain","Most Complex Structure","turk21"
NA,"A3O3X4G41BPMJR",1469733165.22521,1469733171.61426,5,"3","Certain","Least Complex Structure","turk21"
NA,"A2DFKPLWP01UF3",1469733165.69805,1469733172.0841,10,"1,8,4,10","Neutral","Most Complex Structure","turk21"
NA,"A3O3X4G41BPMJR",1469733171.68391,1469733176.84438,25,"2","Neutral","Least Complex Structure","turk21"
NA,"A2DFKPLWP01UF3",1469733172.13192,1469733177.00471,20,"3,4,6,10","Uncertain","Most Complex Structure","turk21"
NA,"A1FMCJY3HXP0SA",1469733091.77921,1469733178.74031,24,"12","Uncertain","Most Complex Structure","turk21"
NA,"A2DFKPLWP01UF3",1469733177.04549,1469733184.25513,21,"7,5,10","Uncertain","Most Complex Structure","turk21"
NA,"A2DFKPLWP01UF3",1469733184.30162,1469733188.75562,23,"2,3,4,9,6","Neutral","Most Complex Structure","turk21"
NA,"A1WDUICI1FG9F",1469733187.3118,1469733201.80555,7,"9","Very Certain","Least Complex Structure","turk21"
NA,"A1W5PUJ4372XO7",1469733178.48334,1469733202.09295,7,"11","Certain","Most Complex Structure","turk21"
NA,"A25CFVQND4A0EV",1469733171.9457,1469733204.50949,7,"9","Neutral","Least Complex Structure","turk21"
NA,"A1W5PUJ4372XO7",1469733202.14209,1469733215.92469,23,"8","Certain","Least Complex Structure","turk21"
NA,"A1WDUICI1FG9F",1469733201.84869,1469733218.43963,23,"6","Certain","Least Complex Structure","turk21"
NA,"A1FMCJY3HXP0SA",1469733178.89291,1469733220.59438,12,"7","Certain","Other, longest line","turk21"
NA,"A25CFVQND4A0EV",1469733204.55844,1469733221.90202,23,"8","Neutral","Least Complex Structure","turk21"
NA,"A34930YXVQ8SUT",1469733207.74563,1469733223.07233,14,"9","Very Certain","Most Complex Structure","turk21"
NA,"AFDC9A6Z60W2Z",1469733203.56509,1469733224.94032,14,"1","Neutral","Least Complex Structure","turk21"
NA,"A1WDUICI1FG9F",1469733218.5236,1469733229.00696,4,"12","Very Certain","Least Complex Structure","turk21"
NA,"A1W5PUJ4372XO7",1469733215.96803,1469733232.30121,4,"2","Certain","Most Complex Structure","turk21"
NA,"A1FMCJY3HXP0SA",1469733220.65299,1469733232.70556,22,"4","Neutral","Other, circle","turk21"
NA,"A25CFVQND4A0EV",1469733221.94586,1469733236.24657,4,"5","Neutral","Most Complex Structure","turk21"
NA,"AFDC9A6Z60W2Z",1469733224.98485,1469733239.0045,17,"5","Certain","Most Complex Structure","turk21"
NA,"A1WDUICI1FG9F",1469733229.07697,1469733241.16038,25,"4","Certain","Least Complex Structure","turk21"
NA,"A1FMCJY3HXP0SA",1469733232.74901,1469733244.25446,2,"5","Neutral","Most Complex Structure","turk21"
NA,"AQL960O0LTRI8",1469733235.04016,1469733247.91957,14,"9","Certain","Most Complex Structure","turk21"
NA,"A1WDUICI1FG9F",1469733241.33946,1469733248.42584,9,"12","Certain","Most Complex Structure","turk21"
NA,"A1W5PUJ4372XO7",1469733232.34774,1469733249.01438,25,"3","Certain","Most Complex Structure","turk21"
NA,"A25CFVQND4A0EV",1469733236.29164,1469733249.97661,25,"10","Neutral","Least Complex Structure","turk21"
NA,"A1FMCJY3HXP0SA",1469733244.29517,1469733253.08435,21,"5","Certain","Most Complex Structure","turk21"
NA,"A1WDUICI1FG9F",1469733248.46995,1469733259.19608,21,"5","Certain","Most Complex Structure","turk21"
NA,"AQL960O0LTRI8",1469733247.99802,1469733260.56133,17,"4","Neutral","Most Complex Structure","turk21"
NA,"A25CFVQND4A0EV",1469733250.02378,1469733263.51833,9,"1","Neutral","Most Complex Structure","turk21"
NA,"A34930YXVQ8SUT",1469733223.12127,1469733265.84052,17,"5","Very Certain","Most Complex Structure","turk21"
NA,"AQL960O0LTRI8",1469733260.61345,1469733267.85265,6,"4","Certain","Most Complex Structure","turk21"
NA,"A1WDUICI1FG9F",1469733259.28173,1469733269.31705,19,"1","Certain","Least Complex Structure","turk21"
NA,"A34930YXVQ8SUT",1469733265.92533,1469733271.34575,6,"4","Very Certain","Most Complex Structure","turk21"
NA,"A25CFVQND4A0EV",1469733263.56182,1469733273.74145,21,"5","Neutral","Most Complex Structure","turk21"
NA,"A1WDUICI1FG9F",1469733269.38883,1469733277.38886,14,"9","Very Certain","Most Complex Structure","turk21"
NA,"A1W5PUJ4372XO7",1469733249.07667,1469733277.55633,9,"7","Certain","Least Complex Structure","turk21"
NA,"A25CFVQND4A0EV",1469733273.78123,1469733281.9064,19,"10","Neutral","Most Complex Structure","turk21"
NA,"A1FMCJY3HXP0SA",1469733253.13504,1469733283.52861,25,"2","Uncertain","Least Complex Structure","turk21"
NA,"A1WDUICI1FG9F",1469733277.47235,1469733285.42354,3,"5","Certain","Least Complex Structure","turk21"
NA,"A1W5PUJ4372XO7",1469733277.63887,1469733288.4276,21,"5","Certain","Most Complex Structure","turk21"
NA,"A25CFVQND4A0EV",1469733281.95762,1469733291.06698,14,"9","Neutral","Least Complex Structure","turk21"
NA,"A34930YXVQ8SUT",1469733271.38746,1469733293.41243,22,"12","Certain","Least Complex Structure","turk21"
NA,"A2OFN0A5CPLH57",1469733279.3819,1469733295.88867,22,"6","Uncertain","Most Complex Structure","turk21"
NA,"A1WDUICI1FG9F",1469733285.46547,1469733298.11355,22,"7","Neutral","Least Complex Structure","turk21"
NA,"A1R6ZLM9V362F7",1469733289.30827,1469733298.53983,5,"12","Uncertain","Least Complex Structure","turk21"
NA,"A1FMCJY3HXP0SA",1469733283.58359,1469733298.95735,23,"5","Uncertain","Least Complex Structure","turk21"
NA,"A25CFVQND4A0EV",1469733291.146,1469733301.46657,3,"11","Neutral","Least Complex Structure","turk21"
NA,"A1W5PUJ4372XO7",1469733288.51143,1469733303.56719,19,"12","Certain","Most Complex Structure","turk21"
NA,"A34930YXVQ8SUT",1469733293.45463,1469733303.91437,21,"5","Very Certain","Most Complex Structure","turk21"
NA,"A1R6ZLM9V362F7",1469733298.59261,1469733304.36354,13,"1","Very Uncertain","Least Complex Structure","turk21"
NA,"A25CFVQND4A0EV",1469733301.5141,1469733308.28454,22,"4","Neutral","Most Complex Structure","turk21"
NA,"A1R6ZLM9V362F7",1469733304.41001,1469733311.4518,15,"10","Certain","Most Complex Structure","turk21"
NA,"A1FMCJY3HXP0SA",1469733299.00203,1469733311.54265,8,"7","Uncertain","Least Complex Structure","turk21"
NA,"A34930YXVQ8SUT",1469733303.96559,1469733311.94501,25,"6","Very Certain","Least Complex Structure","turk21"
NA,"APZEIAO75NCHM",1469733156.91007,1469733312.46453,3,"4","Very Uncertain","Least Complex Structure","turk21"
NA,"A1W5PUJ4372XO7",1469733303.62401,1469733314.68202,14,"9","Certain","Most Complex Structure","turk21"
NA,"A2VYHR3SR63DV8",1469733295.20842,1469733315.61783,18,"11","Neutral","Least Complex Structure","turk21"
NA,"A2OFN0A5CPLH57",1469733296.04614,1469733315.70442,23,"12","Very Uncertain","Most Complex Structure","turk21"
NA,"AQL960O0LTRI8",1469733267.89404,1469733318.82501,22,"12","Neutral","Least Complex Structure","turk21"
NA,"A1R6ZLM9V362F7",1469733311.49849,1469733318.95454,22,"1","Neutral","Most Complex Structure","turk21"
NA,"AQL960O0LTRI8",1469733318.87023,1469733325.22262,21,"5","Certain","Most Complex Structure","turk21"
NA,"A1R6ZLM9V362F7",1469733319.001,1469733326.58854,9,"7","Neutral","Least Complex Structure","turk21"
NA,"APZEIAO75NCHM",1469733312.5379,1469733327.09194,23,"2","Very Uncertain","Most Complex Structure","turk21"
NA,"A1W5PUJ4372XO7",1469733314.72865,1469733329.91423,3,"6","Uncertain","Least Complex Structure","turk21"
NA,"A1R6ZLM9V362F7",1469733326.63328,1469733331.54263,21,"5","Certain","Most Complex Structure","turk21"
NA,"A34930YXVQ8SUT",1469733311.99798,1469733331.63254,8,"4","Very Certain","Most Complex Structure","turk21"
NA,"A2OFN0A5CPLH57",1469733315.74355,1469733332.6135,17,"5","Uncertain","Most Complex Structure","turk21"
NA,"A1FMCJY3HXP0SA",1469733311.59526,1469733335.71422,20,"1","Uncertain","Other, the square","turk21"
NA,"APZEIAO75NCHM",1469733327.1414,1469733336.2869,9,"12","Very Uncertain","Most Complex Structure","turk21"
NA,"AQL960O0LTRI8",1469733325.26419,1469733338.2427,25,"2","Neutral","Least Complex Structure","turk21"
NA,"A1R6ZLM9V362F7",1469733331.58994,1469733339.7211,10,"12","Uncertain","Least Complex Structure","turk21"
NA,"A1W5PUJ4372XO7",1469733330.08014,1469733344.37551,22,"1","Certain","Most Complex Structure","turk21"
NA,"A2VYHR3SR63DV8",1469733315.66396,1469733346.08315,23,"6","Certain","Least Complex Structure","turk21"
NA,"A2OFN0A5CPLH57",1469733332.66341,1469733346.62353,24,"12","Neutral","Most Complex Structure","turk21"
NA,"AQL960O0LTRI8",1469733338.31872,1469733352.03416,8,"2","Neutral","Most Complex Structure","turk21"
NA,"ANTH5IGN5CHN6",1469733338.95316,1469733352.82461,18,"11","Certain","Least Complex Structure","turk21"
NA,"A34930YXVQ8SUT",1469733331.68009,1469733354.03131,5,"12","Uncertain","Least Complex Structure","turk21"
NA,"A1R6ZLM9V362F7",1469733339.81313,1469733359.39263,23,"1","Certain","Most Complex Structure","turk21"
NA,"A2OFN0A5CPLH57",1469733346.66623,1469733360.88361,1,"1","Certain","Most Complex Structure","turk21"
NA,"AQL960O0LTRI8",1469733352.07638,1469733362.24796,5,"3","Neutral","Least Complex Structure","turk21"
NA,"A34930YXVQ8SUT",1469733354.07338,1469733364.44198,24,"12","Certain","Most Complex Structure","turk21"
NA,"A1R6ZLM9V362F7",1469733359.43854,1469733367.9605,24,"11,10","Certain","Most Complex Structure","turk21"
NA,"A1R6ZLM9V362F7",1469733368.0048,1469733373.80861,1,"1","Neutral","Most Complex Structure","turk21"
NA,"A2VYHR3SR63DV8",1469733346.13006,1469733374.30573,3,"5","Certain","Least Complex Structure","turk21"
NA,"ANTH5IGN5CHN6",1469733352.91604,1469733374.56135,23,"6","Neutral","Least Complex Structure","turk21"
NA,"A2OFN0A5CPLH57",1469733360.92742,1469733380.0815,15,"10","Uncertain","Most Complex Structure","turk21"
NA,"AQL960O0LTRI8",1469733362.30141,1469733382.17335,24,"10","Neutral","Most Complex Structure","turk21"
NA,"A34930YXVQ8SUT",1469733364.4946,1469733388.259,19,"10","Very Certain","Most Complex Structure","turk21"
NA,"ACIHCWKHNFC7U",1469733364.35067,1469733389.68613,18,"11","Neutral","Least Complex Structure","turk21"
NA,"ANTH5IGN5CHN6",1469733374.60909,1469733391.1868,3,"11","Certain","Least Complex Structure","turk21"
NA,"A2VYHR3SR63DV8",1469733374.47532,1469733392.79311,12,"7","Very Certain","Other, All points are joined.","turk21"
NA,"A2OFN0A5CPLH57",1469733380.13222,1469733392.99001,12,"7","Neutral","Most Complex Structure","turk21"
NA,"AQL960O0LTRI8",1469733382.22494,1469733393.40543,19,"3","Certain","Least Complex Structure","turk21"
NA,"ACIHCWKHNFC7U",1469733389.73419,1469733396.68737,23,"6","Neutral","Most Complex Structure","turk21"
NA,"ANTH5IGN5CHN6",1469733391.23047,1469733400.25386,12,"5","Certain","Least Complex Structure","turk21"
NA,"ACIHCWKHNFC7U",1469733396.78182,1469733403.4061,3,"5","Neutral","Most Complex Structure","turk21"
NA,"A2OFN0A5CPLH57",1469733393.03122,1469733404.68185,7,"11","Certain","Most Complex Structure","turk21"
NA,"ACIHCWKHNFC7U",1469733403.44872,1469733409.54401,12,"3","Neutral","Most Complex Structure","turk21"
NA,"A2VYHR3SR63DV8",1469733392.84417,1469733412.2343,22,"12","Certain","Least Complex Structure","turk21"
NA,"ACIHCWKHNFC7U",1469733409.59355,1469733416.19881,22,"11","Neutral","Most Complex Structure","turk21"
NA,"ANTH5IGN5CHN6",1469733400.30089,1469733419.15977,22,"4","Certain","Most Complex Structure","turk21"
NA,"A2OFN0A5CPLH57",1469733404.83649,1469733421.02696,5,"3","Uncertain","Most Complex Structure","turk21"
NA,"ACIHCWKHNFC7U",1469733416.27515,1469733422.36904,25,"6","Neutral","Most Complex Structure","turk21"
NA,"ACIHCWKHNFC7U",1469733422.41175,1469733429.02761,15,"8","Neutral","Least Complex Structure","turk21"
NA,"ANTH5IGN5CHN6",1469733419.22054,1469733429.19854,25,"2","Uncertain","Least Complex Structure","turk21"
NA,"A2OFN0A5CPLH57",1469733421.19957,1469733433.35133,6,"4","Certain","Most Complex Structure","turk21"
NA,"ACIHCWKHNFC7U",1469733429.0929,1469733436.79731,24,"7","Neutral","Most Complex Structure","turk21"
NA,"AVI7K876BV3QL",1469733311.68988,1469733437.24677,18,"10","Neutral","Most Complex Structure","turk21"
NA,"AFDC9A6Z60W2Z",1469733239.04772,1469733438.56442,6,"4","Certain","Most Complex Structure","turk21"
NA,"ACIHCWKHNFC7U",1469733436.84013,1469733441.59883,4,"5","Neutral","Most Complex Structure","turk21"
NA,"ANTH5IGN5CHN6",1469733429.35942,1469733444.1197,15,"10","Neutral","Most Complex Structure","turk21"
NA,"AFDC9A6Z60W2Z",1469733438.62912,1469733450.17388,22,"11","Neutral","Most Complex Structure","turk21"
NA,"ACIHCWKHNFC7U",1469733441.68597,1469733452.23561,8,"4","Neutral","Least Complex Structure","turk21"
NA,"A2VYHR3SR63DV8",1469733412.31123,1469733452.36157,25,"10","Neutral","Least Complex Structure","turk21"
NA,"AVI7K876BV3QL",1469733437.28968,1469733453.37407,23,"8","Very Certain","Least Complex Structure","turk21"
NA,"ANTH5IGN5CHN6",1469733444.18035,1469733460.786,24,"12","Certain","Most Complex Structure","turk21"
NA,"AFDC9A6Z60W2Z",1469733450.22441,1469733462.62292,21,"5","Certain","Most Complex Structure","turk21"
NA,"ANTH5IGN5CHN6",1469733460.83452,1469733469.63116,4,"12","Certain","Least Complex Structure","turk21"
NA,"ANTH5IGN5CHN6",1469733469.68436,1469733478.88171,8,"4","Certain","Most Complex Structure","turk21"
NA,"A1H72Y9Z5NJXDS",1469733459.90418,1469733482.52405,4,"4","Very Certain","Most Complex Structure","turk21"
NA,"A1H72Y9Z5NJXDS",1469733482.56446,1469733498.62253,15,"1","Very Certain","Most Complex Structure","turk21"
NA,"A2VYHR3SR63DV8",1469733452.40793,1469733501.85318,15,"8","Uncertain","Least Complex Structure","turk21"
NA,"A20Z8Q65CFTBV7",1469733492.84454,1469733503.12052,14,"6","Neutral","Most Complex Structure","turk21"
NA,"AFDC9A6Z60W2Z",1469733462.67084,1469733505.30144,25,"6","Uncertain","Least Complex Structure","turk21"
NA,"A20Z8Q65CFTBV7",1469733503.17474,1469733514.9989,22,"10","Uncertain","Most Complex Structure","turk21"
NA,"A1H72Y9Z5NJXDS",1469733498.6669,1469733516.57975,3,"12","Very Certain","Most Complex Structure","turk21"
NA,"AFDC9A6Z60W2Z",1469733505.34966,1469733523.80707,8,"4","Neutral","Most Complex Structure","turk21"
NA,"A20Z8Q65CFTBV7",1469733515.04759,1469733524.46482,4,"10","Uncertain","Most Complex Structure","turk21"
NA,"A1H72Y9Z5NJXDS",1469733516.62823,1469733528.25839,10,"6","Very Certain","Most Complex Structure","turk21"
NA,"AFDC9A6Z60W2Z",1469733523.85443,1469733531.97269,5,"12","Neutral","Least Complex Structure","turk21"
NA,"A20Z8Q65CFTBV7",1469733524.51306,1469733533.73805,2,"5","Certain","Most Complex Structure","turk21"
NA,"A2VYHR3SR63DV8",1469733501.90189,1469733535.66837,24,"9","Neutral","Least Complex Structure","turk21"
NA,"A1H72Y9Z5NJXDS",1469733528.29879,1469733536.7001,17,"5","Very Certain","Most Complex Structure","turk21"
NA,"AFDC9A6Z60W2Z",1469733532.02057,1469733544.34128,24,"12","Neutral","Most Complex Structure","turk21"
NA,"A20Z8Q65CFTBV7",1469733533.78484,1469733546.71382,7,"9","Uncertain","Least Complex Structure","turk21"
NA,"AVI7K876BV3QL",1469733453.41774,1469733547.78031,3,"4","Certain","Least Complex Structure","turk21"
NA,"A20Z8Q65CFTBV7",1469733546.76324,1469733553.82327,17,"5","Uncertain","Most Complex Structure","turk21"
NA,"A1H72Y9Z5NJXDS",1469733536.79083,1469733558.98804,25,"8","Certain","Most Complex Structure","turk21"
NA,"A1TMZLYXQAK8Q0",1469733542.61782,1469733559.6203,12,"10","Uncertain","Most Complex Structure","turk21"
NA,"A20Z8Q65CFTBV7",1469733553.86526,1469733560.24689,20,"1","Uncertain","Most Complex Structure","turk21"
NA,"A2VYHR3SR63DV8",1469733535.71167,1469733563.2044,4,"8","Certain","Least Complex Structure","turk21"
NA,"AVI7K876BV3QL",1469733547.82679,1469733564.71154,12,"7","Neutral","Most Complex Structure","turk21"
NA,"AUI3R928P63B0",1469733510.14775,1469733565.23474,23,"5","Certain","Most Complex Structure","turk21"
NA,"A20Z8Q65CFTBV7",1469733560.30244,1469733566.65844,13,"8","Very Uncertain","Most Complex Structure","turk21"
NA,"AFDC9A6Z60W2Z",1469733544.38589,1469733567.03757,19,"10","Neutral","Most Complex Structure","turk21"
NA,"A1TMZLYXQAK8Q0",1469733559.6717,1469733570.00556,6,"4","Certain","Most Complex Structure","turk21"
NA,"A20Z8Q65CFTBV7",1469733566.70249,1469733573.56571,9,"12","Uncertain","Most Complex Structure","turk21"
NA,"AVI7K876BV3QL",1469733564.76271,1469733581.92068,22,"1","Certain","Most Complex Structure","turk21"
NA,"AUI3R928P63B0",1469733565.40487,1469733583.71788,3,"11","Certain","Most Complex Structure","turk21"
NA,"A1H72Y9Z5NJXDS",1469733559.04313,1469733588.69378,7,"9","Certain","Most Complex Structure","turk21"
NA,"A1TMZLYXQAK8Q0",1469733570.10594,1469733589.67059,8,"4","Neutral","Most Complex Structure","turk21"
NA,"A20Z8Q65CFTBV7",1469733573.61071,1469733596.44726,25,"2","Very Uncertain","Least Complex Structure","turk21"
NA,"AVI7K876BV3QL",1469733581.96204,1469733598.961,25,"6","Neutral","Least Complex Structure","turk21"
NA,"A2VYHR3SR63DV8",1469733563.2534,1469733601.97292,8,"4","Neutral","Most Complex Structure","turk21"
NA,"AA5OOUN82FYES",1469733575.61093,1469733602.33161,12,"7","Neutral","Least Complex Structure","turk21"
NA,"AA5OOUN82FYES",1469733602.39902,1469733611.95341,6,"4","Certain","Most Complex Structure","turk21"
NA,"AVI7K876BV3QL",1469733599.00462,1469733616.4726,15,"8","Uncertain","Least Complex Structure","turk21"
NA,"AUI3R928P63B0",1469733583.76347,1469733617.90445,7,"9","Neutral","Least Complex Structure","turk21"
NA,"A1TMZLYXQAK8Q0",1469733589.71539,1469733620.53921,20,"9","Uncertain","Least Complex Structure","turk21"
NA,"AJXIC6Q5EM76P",1469733612.18654,1469733623.12272,12,"7","Certain","Most Complex Structure","turk21"
NA,"A1H72Y9Z5NJXDS",1469733588.73867,1469733624.05856,16,"11,9","Certain","Most Complex Structure","turk21"
NA,"A2R9OK4M877ZCC",1469733618.15956,1469733629.33965,12,"7","Certain","Most Complex Structure","turk21"
NA,"AJXIC6Q5EM76P",1469733623.16372,1469733632.47112,6,"4","Very Certain","Most Complex Structure","turk21"
NA,"AVI7K876BV3QL",1469733616.53941,1469733638.87255,24,"12","Neutral","Most Complex Structure","turk21"
NA,"A1TMZLYXQAK8Q0",1469733620.61754,1469733641.64616,3,"9","Neutral","Most Complex Structure","turk21"
NA,"A2R9OK4M877ZCC",1469733629.3821,1469733642.57735,6,"4","Neutral","Most Complex Structure","turk21"
NA,"AJXIC6Q5EM76P",1469733632.52063,1469733651.58068,8,"4","Certain","Most Complex Structure","turk21"
NA,"A1TMZLYXQAK8Q0",1469733641.70317,1469733651.8081,14,"6","Certain","Most Complex Structure","turk21"
NA,"AA5OOUN82FYES",1469733612.03239,1469733655.16435,8,"9","Uncertain","Most Complex Structure","turk21"
NA,"AUI3R928P63B0",1469733617.97536,1469733655.55813,24,"4","Neutral","Most Complex Structure","turk21"
NA,"AJXIC6Q5EM76P",1469733651.63357,1469733664.37594,20,"9","Neutral","Least Complex Structure","turk21"
NA,"A1TMZLYXQAK8Q0",1469733651.85216,1469733664.76739,1,"2","Very Certain","Most Complex Structure","turk21"
NA,"A2R9OK4M877ZCC",1469733642.65993,1469733671.72813,8,"4","Certain","Least Complex Structure","turk21"
NA,"AJXIC6Q5EM76P",1469733664.4529,1469733672.25866,3,"4","Neutral","Most Complex Structure","turk21"
NA,"A1TMZLYXQAK8Q0",1469733664.81456,1469733674.41273,21,"5","Very Certain","Most Complex Structure","turk21"
NA,"AUI3R928P63B0",1469733655.60098,1469733681.89428,18,"7","Certain","Least Complex Structure","turk21"
NA,"A3PKRRJR7IXFY7",1469733660.25382,1469733683.46055,12,"10","Neutral","Most Complex Structure","turk21"
NA,"AA5OOUN82FYES",1469733655.21237,1469733683.56357,20,"1","Neutral","Most Complex Structure","turk21"
NA,"A1TMZLYXQAK8Q0",1469733674.45691,1469733684.25459,19,"10","Certain","Most Complex Structure","turk21"
NA,"A3PKRRJR7IXFY7",1469733683.50719,1469733692.70053,6,"4","Certain","Most Complex Structure","turk21"
NA,"AA5OOUN82FYES",1469733683.6108,1469733694.08867,3,"12","Uncertain","Most Complex Structure","turk21"
NA,"A1H72Y9Z5NJXDS",1469733624.10252,1469733694.80301,24,"12","Very Certain","Most Complex Structure","turk21"
NA,"A1OHEMT3EJ2EWP",1469733688.5751,1469733698.22671,19,"10","Very Certain","Most Complex Structure","turk21"
NA,"AA5OOUN82FYES",1469733694.13238,1469733705.57013,14,"9","Certain","Most Complex Structure","turk21"
NA,"A2R9OK4M877ZCC",1469733671.82474,1469733707.30974,20,"9","Neutral","Least Complex Structure","turk21"
NA,"A3PKRRJR7IXFY7",1469733692.75066,1469733711.37266,8,"5","Neutral","Least Complex Structure","turk21"
NA,"A1TMZLYXQAK8Q0",1469733684.29975,1469733712.39985,22,"11","Uncertain","Most Complex Structure","turk21"
NA,"APZEIAO75NCHM",1469733336.33199,1469733713.05885,17,"5","Uncertain","Most Complex Structure","turk21"
NA,"AVI7K876BV3QL",1469733638.92182,1469733717.50104,4,"9","Certain","Least Complex Structure","turk21"
NA,"APZEIAO75NCHM",1469733713.11672,1469733718.61808,5,"12","Very Uncertain","Least Complex Structure","turk21"
NA,"AA5OOUN82FYES",1469733705.66275,1469733718.76675,1,"2","Certain","Most Complex Structure","turk21"
NA,"AUI3R928P63B0",1469733681.93853,1469733719.94065,17,"5","Neutral","Most Complex Structure","turk21"
NA,"A2R9OK4M877ZCC",1469733707.3546,1469733721.90089,3,"11","Certain","Most Complex Structure","turk21"
NA,"AJXIC6Q5EM76P",1469733672.31384,1469733725.21899,14,"9","Very Certain","Most Complex Structure","turk21"
NA,"AA5OOUN82FYES",1469733719.02562,1469733728.53752,21,"5","Certain","Most Complex Structure","turk21"
NA,"A1H72Y9Z5NJXDS",1469733694.84863,1469733729.09406,22,"11","Very Certain","Most Complex Structure","turk21"
NA,"A3PKRRJR7IXFY7",1469733711.41631,1469733729.70118,20,"9","Uncertain","Least Complex Structure","turk21"
NA,"A2R9OK4M877ZCC",1469733721.94803,1469733731.79562,14,"9","Certain","Most Complex Structure","turk21"
NA,"APZEIAO75NCHM",1469733718.65898,1469733733.78703,25,"6","Very Uncertain","Least Complex Structure","turk21"
NA,"AVI7K876BV3QL",1469733717.54883,1469733735.2922,8,"4","Uncertain","Most Complex Structure","turk21"
NA,"A1OHEMT3EJ2EWP",1469733698.28269,1469733736.61458,13,"1","Neutral","Least Complex Structure","turk21"
NA,"AA5OOUN82FYES",1469733728.58509,1469733737.71663,19,"10","Certain","Most Complex Structure","turk21"
NA,"AJXIC6Q5EM76P",1469733725.29654,1469733744.58171,1,"2","Uncertain","Most Complex Structure","turk21"
NA,"A1OHEMT3EJ2EWP",1469733736.67443,1469733746.95047,1,"2","Certain","Most Complex Structure","turk21"
NA,"AJXIC6Q5EM76P",1469733744.62902,1469733750.47161,21,"5","Certain","Most Complex Structure","turk21"
NA,"AUI3R928P63B0",1469733720.00204,1469733751.56526,1,"8","Certain","Least Complex Structure","turk21"
NA,"AA5OOUN82FYES",1469733737.75899,1469733751.8345,22,"11","Certain","Most Complex Structure","turk21"
NA,"A3PKRRJR7IXFY7",1469733729.7533,1469733752.4857,3,"5","Uncertain","Least Complex Structure","turk21"
NA,"A1OHEMT3EJ2EWP",1469733747.00635,1469733756.2123,12,"7","Certain","Most Complex Structure","turk21"
NA,"AJXIC6Q5EM76P",1469733750.51415,1469733757.01106,19,"10","Neutral","Most Complex Structure","turk21"
NA,"A2R9OK4M877ZCC",1469733731.88266,1469733760.9897,1,"8","Certain","Least Complex Structure","turk21"
NA,"A3PKRRJR7IXFY7",1469733752.65458,1469733763.52354,14,"6","Certain","Most Complex Structure","turk21"
NA,"A2R9OK4M877ZCC",1469733761.03997,1469733773.34035,21,"5","Very Certain","Most Complex Structure","turk21"
NA,"AJXIC6Q5EM76P",1469733757.05776,1469733773.55581,22,"7,12","Neutral","Least Complex Structure","turk21"
NA,"AUI3R928P63B0",1469733751.60816,1469733775.20462,11,"7","Certain","Most Complex Structure","turk21"
NA,"A3PKRRJR7IXFY7",1469733763.56864,1469733776.46725,1,"2","Neutral","Most Complex Structure","turk21"
NA,"A1OHEMT3EJ2EWP",1469733756.25616,1469733781.24991,20,"11","Neutral","Least Complex Structure","turk21"
NA,"A3PKRRJR7IXFY7",1469733776.52462,1469733783.44432,21,"5","Certain","Most Complex Structure","turk21"
NA,"A2R9OK4M877ZCC",1469733773.38481,1469733785.11801,19,"10","Certain","Most Complex Structure","turk21"
NA,"AUI3R928P63B0",1469733775.26066,1469733785.76813,14,"9","Neutral","Least Complex Structure","turk21"
NA,"A2R9OK4M877ZCC",1469733785.16419,1469733810.83384,22,"4","Certain","Most Complex Structure","turk21"
NA,"a1wxpolds1y9r4",1469733807.58333,1469733813.3757,19,"10","Neutral","Least Complex Structure","turk21"
NA,"A1OHEMT3EJ2EWP",1469733781.299,1469733815.66325,8,"4","Certain","Most Complex Structure","turk21"
NA,"A3PKRRJR7IXFY7",1469733783.49024,1469733816.55751,19,"10","Uncertain","Most Complex Structure","turk21"
NA,"a1wxpolds1y9r4",1469733813.45513,1469733818.53844,23,"12","Uncertain","Least Complex Structure","turk21"
NA,"a1wxpolds1y9r4",1469733818.58332,1469733827.14643,21,"4","Certain","Least Complex Structure","turk21"
NA,"A3PKRRJR7IXFY7",1469733816.60214,1469733834.51478,22,"11","Uncertain","Most Complex Structure","turk21"
NA,"a1wxpolds1y9r4",1469733827.23084,1469733835.34033,16,"11","Uncertain","Most Complex Structure","turk21"
NA,"AUI3R928P63B0",1469733785.81729,1469733835.44577,6,"9","Certain","Least Complex Structure","turk21"
NA,"a1wxpolds1y9r4",1469733835.38453,1469733844.37276,14,"12","Certain","Least Complex Structure","turk21"
NA,"A1OHEMT3EJ2EWP",1469733815.75223,1469733846.72463,4,"12","Uncertain","Least Complex Structure","turk21"
NA,"a1wxpolds1y9r4",1469733844.4178,1469733849.26215,5,"12","Very Certain","Least Complex Structure","turk21"
NA,"A1OHEMT3EJ2EWP",1469733846.79257,1469733855.37522,6,"4","Certain","Most Complex Structure","turk21"
NA,"A2IABGWWDKRQS3",1469733809.43808,1469733855.72249,19,"10","Uncertain","Most Complex Structure","turk21"
NA,"a1wxpolds1y9r4",1469733849.47483,1469733856.54603,9,"3","Very Certain","Least Complex Structure","turk21"
NA,"A2IABGWWDKRQS3",1469733855.765,1469733860.21553,23,"2","Uncertain","Most Complex Structure","turk21"
NA,"a1wxpolds1y9r4",1469733856.5917,1469733864.00755,4,"1,10","Very Uncertain","Most Complex Structure","turk21"
NA,"A2IABGWWDKRQS3",1469733860.26202,1469733864.56219,21,"5","Uncertain","Most Complex Structure","turk21"
NA,"A1OHEMT3EJ2EWP",1469733855.41991,1469733869.16989,23,"2","Neutral","Most Complex Structure","turk21"
NA,"A2IABGWWDKRQS3",1469733864.6124,1469733869.44834,16,"9","Uncertain","Most Complex Structure","turk21"
NA,"a1wxpolds1y9r4",1469733864.05306,1469733870.21181,11,"6","Neutral","Most Complex Structure","turk21"
NA,"a1wxpolds1y9r4",1469733870.25891,1469733883.1188,7,"11","Very Certain","Most Complex Structure","turk21"
NA,"A2IABGWWDKRQS3",1469733869.49626,1469733885.34676,14,"9","Certain","Most Complex Structure","turk21"
NA,"A2IABGWWDKRQS3",1469733885.39378,1469733892.00852,5,"10","Uncertain","Most Complex Structure","turk21"
NA,"A1OHEMT3EJ2EWP",1469733869.33907,1469733894.54856,25,"4","Certain","Least Complex Structure","turk21"
NA,"A2IABGWWDKRQS3",1469733892.06555,1469733898.33843,9,"4","Uncertain","Least Complex Structure","turk21"
NA,"A2IABGWWDKRQS3",1469733898.38811,1469733904.12846,4,"10","Uncertain","Least Complex Structure","turk21"
NA,"A2IABGWWDKRQS3",1469733904.18265,1469733910.78943,11,"6","Neutral","Most Complex Structure","turk21"
NA,"A2IABGWWDKRQS3",1469733910.8426,1469733915.15649,7,"8","Uncertain","Least Complex Structure","turk21"
NA,"A1KGCOR8OXYR72",1469733908.31323,1469733929.88294,13,"6","Certain","Most Complex Structure","turk21"
NA,"A3FLABU9SS5W88",1469733929.84383,1469733933.64375,13,"1","Certain","Most Complex Structure","turk21"
NA,"A3FLABU9SS5W88",1469733933.69843,1469733939.42421,4,"2","Certain","Most Complex Structure","turk21"
NA,"A1KGCOR8OXYR72",1469733929.92808,1469733942.89594,4,"10","Very Certain","Most Complex Structure","turk21"
NA,"A3FLABU9SS5W88",1469733939.50979,1469733943.73445,23,"3","Certain","Least Complex Structure","turk21"
NA,"A3FLABU9SS5W88",1469733943.77999,1469733947.87425,8,"4","Uncertain","Least Complex Structure","turk21"
NA,"A3FLABU9SS5W88",1469733947.93205,1469733952.96651,12,"10","Uncertain","Most Complex Structure","turk21"
NA,"A1KGCOR8OXYR72",1469733942.94133,1469733955.54577,23,"8","Very Certain","Most Complex Structure","turk21"
NA,"A3FLABU9SS5W88",1469733953.01313,1469733959.30623,10,"2","Very Uncertain","Least Complex Structure","turk21"
NA,"A1KGCOR8OXYR72",1469733955.59045,1469733964.7074,8,"12","Certain","Least Complex Structure","turk21"
NA,"A3FLABU9SS5W88",1469733959.35438,1469733966.62434,5,"6","Uncertain","Least Complex Structure","turk21"
NA,"A3FLABU9SS5W88",1469733966.66885,1469733971.2427,20,"1","Certain","Most Complex Structure","turk21"
NA,"A3FLABU9SS5W88",1469733971.29415,1469733977.54663,22,"4","Very Certain","Most Complex Structure","turk21"
NA,"A1KGCOR8OXYR72",1469733964.74974,1469733978.48639,12,"8","Certain","Least Complex Structure","turk21"
NA,"A3FLABU9SS5W88",1469733977.60079,1469733982.41122,19,"10","Very Certain","Most Complex Structure","turk21"
NA,"A1KGCOR8OXYR72",1469733978.5373,1469733993.29945,10,"6","Very Certain","Most Complex Structure","turk21"
NA,"ADTIO3A6TM9CG",1469733966.92853,1469733994.27061,15,"10","Certain","Other, Mainly triangles","turk21"
NA,"A1GV0UZU0T2ORS",1469733959.48674,1469734008.6417,13,"8","Uncertain","Other, most random shape in it","turk21"
NA,"A1KGCOR8OXYR72",1469733993.34651,1469734017.53143,5,"3","Uncertain","Least Complex Structure","turk21"
NA,"A1KGCOR8OXYR72",1469734017.60038,1469734024.77655,20,"1","Certain","Most Complex Structure","turk21"
NA,"A1GV0UZU0T2ORS",1469734008.68587,1469734027.49396,4,"4","Uncertain","Most Complex Structure","turk21"
NA,"A2RB4WF5CDMEL9",1469734020.58972,1469734035.28793,3,"11","Neutral","Least Complex Structure","turk21"
NA,"A1KGCOR8OXYR72",1469734024.82584,1469734036.42191,22,"12","Very Certain","Least Complex Structure","turk21"
NA,"ADTIO3A6TM9CG",1469733994.31476,1469734040.12776,25,"10","Neutral","Least Complex Structure","turk21"
NA,"A1KGCOR8OXYR72",1469734036.47146,1469734049.19259,19,"12","Uncertain","Most Complex Structure","turk21"
NA,"A2RB4WF5CDMEL9",1469734035.33053,1469734054.51576,14,"1","Certain","Least Complex Structure","turk21"
NA,"ADTIO3A6TM9CG",1469734040.28291,1469734062.86331,16,"11","Uncertain","Most Complex Structure","turk21"
NA,"A2RB4WF5CDMEL9",1469734054.56323,1469734071.96972,21,"5","Certain","Most Complex Structure","turk21"
NA,"A1GV0UZU0T2ORS",1469734027.54219,1469734078.76373,23,"2","Uncertain","Most Complex Structure","turk21"
NA,"ADTIO3A6TM9CG",1469734062.911,1469734091.28524,4,"4","Uncertain","Most Complex Structure, Other, ","turk21"
NA,"A2RB4WF5CDMEL9",1469734072.01975,1469734091.48696,24,"7","Neutral","Least Complex Structure","turk21"
NA,"A1GV0UZU0T2ORS",1469734078.83937,1469734098.69963,8,"4","Neutral","Least Complex Structure","turk21"
NA,"ADTIO3A6TM9CG",1469734091.34179,1469734103.53912,22,"4","Certain","Other, Only one with a ""circle""","turk21"
NA,"A2RB4WF5CDMEL9",1469734091.52987,1469734106.27619,18,"11","Neutral","Least Complex Structure","turk21"
NA,"A1GV0UZU0T2ORS",1469734098.74258,1469734108.72088,12,"7","Certain","Most Complex Structure","turk21"
NA,"A2RB4WF5CDMEL9",1469734106.35114,1469734119.73297,17,"5","Neutral","Most Complex Structure","turk21"
NA,"ADTIO3A6TM9CG",1469734103.58648,1469734127.59146,14,"9","Certain","Other, No visible dots","turk21"
NA,"A1GV0UZU0T2ORS",1469734108.80068,1469734145.96987,10,"6","Neutral","Other, most unique shape within made by points","turk21"
NA,"A2RB4WF5CDMEL9",1469734119.78381,1469734150.99568,12,"7","Neutral","Most Complex Structure","turk21"
NA,"A2RB4WF5CDMEL9",1469734151.04224,1469734160.11386,6,"4","Certain","Most Complex Structure","turk21"
NA,"A1GV0UZU0T2ORS",1469734146.01561,1469734165.20958,5,"6","Uncertain","Most Complex Structure","turk21"
NA,"A2RB4WF5CDMEL9",1469734160.17378,1469734185.92339,5,"12","Neutral","Least Complex Structure","turk21"
NA,"A1GV0UZU0T2ORS",1469734165.25259,1469734186.46496,20,"9","Neutral","Most Complex Structure","turk21"
NA,"A1GV0UZU0T2ORS",1469734186.54584,1469734196.61905,22,"7","Neutral","Least Complex Structure","turk21"
NA,"A2RB4WF5CDMEL9",1469734185.97089,1469734212.54043,10,"3","Neutral","Least Complex Structure","turk21"
NA,"A1GV0UZU0T2ORS",1469734196.66885,1469734221.64463,19,"10","Certain","Other, points closest in this one with one outlier","turk21"
NA,"A2NAKIXS3DVGAA",1469734269.42077,1469734282.55006,21,"5","Neutral","Most Complex Structure","turk21"
NA,"A2NAKIXS3DVGAA",1469734282.59405,1469734305.51996,11,"6","Neutral","Most Complex Structure","turk21"
NA,"A2NAKIXS3DVGAA",1469734305.56467,1469734319.67734,4,"4","Neutral","Most Complex Structure","turk21"
NA,"A2NAKIXS3DVGAA",1469734319.72647,1469734326.69938,1,"2","Neutral","Most Complex Structure","turk21"
NA,"A2NAKIXS3DVGAA",1469734326.74504,1469734332.03867,17,"5","Neutral","Most Complex Structure","turk21"
NA,"A2NAKIXS3DVGAA",1469734332.08561,1469734344.51298,14,"9","Neutral","Most Complex Structure","turk21"
NA,"A2NAKIXS3DVGAA",1469734344.58176,1469734358.75822,25,"8","Neutral","Most Complex Structure","turk21"
NA,"A3VIQ9XPOYB8K6",1469734340.72099,1469734363.5702,10,"4","Certain","Least Complex Structure","turk21"
NA,"A2NAKIXS3DVGAA",1469734358.808,1469734369.64426,7,"9","Neutral","Least Complex Structure","turk21"
NA,"ADTIO3A6TM9CG",1469734127.63582,1469734371.08184,3,"11","Uncertain","Least Complex Structure","turk21"
NA,"A387T0ENXVTZQD",1469734349.08154,1469734376.23029,10,"1","Uncertain","Least Complex Structure","turk21"
NA,"A2NAKIXS3DVGAA",1469734369.68834,1469734383.8889,9,"1","Neutral","Least Complex Structure","turk21"
NA,"A387T0ENXVTZQD",1469734376.27494,1469734389.308,24,"12","Uncertain","Most Complex Structure","turk21"
NA,"ADTIO3A6TM9CG",1469734371.12573,1469734393.6957,9,"3","Neutral","Least Complex Structure","turk21"
NA,"A3V1ZYXBJYCIIE",1469734385.41745,1469734394.2308,10,"11","Certain","Most Complex Structure","turk21"
NA,"A3VIQ9XPOYB8K6",1469734363.61176,1469734394.31331,24,"12","Very Certain","Most Complex Structure","turk21"
NA,"A2NAKIXS3DVGAA",1469734383.94388,1469734394.4009,19,"10","Neutral","Most Complex Structure","turk21"
NA,"ADTIO3A6TM9CG",1469734393.74243,1469734410.47073,10,"6","Certain","Other, only one that forms a ""circle""","turk21"
NA,"A3V1ZYXBJYCIIE",1469734394.27376,1469734410.57543,24,"10","Neutral","Most Complex Structure","turk21"
NA,"A3V1ZYXBJYCIIE",1469734410.62135,1469734417.78557,13,"8","Certain","Most Complex Structure","turk21"
NA,"A387T0ENXVTZQD",1469734389.35216,1469734418.03082,13,"8","Neutral","Most Complex Structure","turk21"
NA,"A3VIQ9XPOYB8K6",1469734394.36325,1469734420.21804,13,"8","Certain","Other, There is part of it filled in.","turk21"
NA,"A3V1ZYXBJYCIIE",1469734417.83024,1469734425.70092,14,"6","Certain","Most Complex Structure","turk21"
NA,"A3VIQ9XPOYB8K6",1469734420.30104,1469734430.12252,14,"6","Very Certain","Most Complex Structure","turk21"
NA,"A387T0ENXVTZQD",1469734418.07813,1469734431.23378,14,"6","Uncertain","Most Complex Structure","turk21"
NA,"AFQKLIYNCVZTL",1469734396.4539,1469734436.66386,10,"6","Certain","Most Complex Structure","turk21"
NA,"A3V1ZYXBJYCIIE",1469734425.74797,1469734438.45551,17,"5","Certain","Most Complex Structure","turk21"
NA,"ADTIO3A6TM9CG",1469734410.52608,1469734438.54215,18,"11","Uncertain","Least Complex Structure","turk21"
NA,"AU849EHZNGV2Z",1469734403.75598,1469734439.33455,10,"6","Uncertain","Least Complex Structure","turk21"
NA,"A3GPTSDDHJ2DBV",1469734429.30342,1469734439.56457,6,"4","Certain","Most Complex Structure, Least Complex Structure","turk21"
NA,"A387T0ENXVTZQD",1469734431.27654,1469734443.85044,17,"5","Very Uncertain","Most Complex Structure","turk21"
NA,"A3V1ZYXBJYCIIE",1469734438.49984,1469734446.15238,1,"8","Certain","Least Complex Structure","turk21"
NA,"A3V1ZYXBJYCIIE",1469734446.20807,1469734453.18691,16,"11","Certain","Most Complex Structure","turk21"
NA,"A387T0ENXVTZQD",1469734443.89894,1469734454.117,1,"2","Uncertain","Most Complex Structure","turk21"
NA,"A2BS7B4W5GCS4O",1469734423.39791,1469734455.04779,10,"9","Very Uncertain","Least Complex Structure","turk21"
NA,"AFQKLIYNCVZTL",1469734436.7099,1469734457.07924,24,"2","Neutral","Least Complex Structure","turk21"
NA,"A3VIQ9XPOYB8K6",1469734430.16507,1469734458.58656,17,"5","Neutral","Other, Fewest dots shown.","turk21"
NA,"A3GPTSDDHJ2DBV",1469734439.60645,1469734458.80724,23,"8","Uncertain","Least Complex Structure","turk21"
NA,"A3V1ZYXBJYCIIE",1469734453.2335,1469734460.26975,21,"5","Very Certain","Most Complex Structure","turk21"
NA,"A2BS7B4W5GCS4O",1469734455.09051,1469734469.80964,24,"12","Neutral","Most Complex Structure","turk21"
NA,"A387T0ENXVTZQD",1469734454.16125,1469734470.6602,16,"11","Neutral","Most Complex Structure","turk21"
NA,"A3V1ZYXBJYCIIE",1469734460.31219,1469734471.36834,5,"3","Uncertain","Most Complex Structure","turk21"
NA,"AFQKLIYNCVZTL",1469734457.13234,1469734472.68489,13,"8","Certain","Most Complex Structure","turk21"
NA,"A3V1ZYXBJYCIIE",1469734471.41418,1469734480.61805,7,"7","Very Uncertain","Most Complex Structure","turk21"
NA,"A387T0ENXVTZQD",1469734470.71081,1469734488.72283,21,"5","Neutral","Most Complex Structure","turk21"
NA,"A3GPTSDDHJ2DBV",1469734458.85238,1469734489.79032,8,"4","Certain","Least Complex Structure","turk21"
NA,"A2BS7B4W5GCS4O",1469734469.86054,1469734492.29479,13,"8","Very Uncertain","Most Complex Structure","turk21"
NA,"AU849EHZNGV2Z",1469734439.37922,1469734495.18319,24,"5","Neutral","Most Complex Structure","turk21"
NA,"A3GPTSDDHJ2DBV",1469734489.83424,1469734499.74097,12,"7","Certain","Most Complex Structure","turk21"
NA,"A387T0ENXVTZQD",1469734488.77576,1469734500.6799,5,"12","Uncertain","Least Complex Structure","turk21"
NA,"AFQKLIYNCVZTL",1469734472.73317,1469734509.5815,14,"1","Certain","Least Complex Structure","turk21"
NA,"A2BS7B4W5GCS4O",1469734492.34074,1469734510.19039,14,"1","Neutral","Least Complex Structure","turk21"
NA,"A387T0ENXVTZQD",1469734500.72562,1469734519.32784,7,"9","Uncertain","Least Complex Structure","turk21"
NA,"A3GPTSDDHJ2DBV",1469734499.78858,1469734520.66919,1,"8","Uncertain","Least Complex Structure","turk21"
NA,"A2BS7B4W5GCS4O",1469734510.23387,1469734521.52479,17,"5","Very Uncertain","Most Complex Structure","turk21"
NA,"AFQKLIYNCVZTL",1469734509.63322,1469734525.93601,17,"5","Neutral","Most Complex Structure","turk21"
NA,"A3GPTSDDHJ2DBV",1469734520.8331,1469734530.63843,17,"5","Certain","Most Complex Structure","turk21"
NA,"A2BS7B4W5GCS4O",1469734521.57138,1469734535.0152,1,"2","Neutral","Most Complex Structure","turk21"
NA,"AFQKLIYNCVZTL",1469734525.98497,1469734541.15924,1,"6","Certain","Least Complex Structure","turk21"
NA,"AU849EHZNGV2Z",1469734495.232,1469734543.18549,13,"12","Uncertain","Most Complex Structure","turk21"
NA,"A3GPTSDDHJ2DBV",1469734530.68456,1469734543.57276,19,"10","Certain","Most Complex Structure","turk21"
NA,"A2BS7B4W5GCS4O",1469734535.06584,1469734546.43563,16,"11","Neutral","Most Complex Structure","turk21"
NA,"A3VIQ9XPOYB8K6",1469734458.62994,1469734550.41778,1,"8","Uncertain","Least Complex Structure","turk21"
NA,"A2BS7B4W5GCS4O",1469734546.48318,1469734553.90528,21,"5","Neutral","Most Complex Structure","turk21"
NA,"A3VIQ9XPOYB8K6",1469734550.46523,1469734557.49661,16,"11","Certain","Most Complex Structure","turk21"
NA,"AFQKLIYNCVZTL",1469734541.20727,1469734558.09533,16,"9","Certain","Most Complex Structure","turk21"
NA,"A3VIQ9XPOYB8K6",1469734557.54032,1469734562.08558,21,"5","Very Certain","Most Complex Structure","turk21"
NA,"AU849EHZNGV2Z",1469734543.23552,1469734563.08125,14,"6","Neutral","Most Complex Structure","turk21"
NA,"A3GPTSDDHJ2DBV",1469734543.62209,1469734567.15669,3,"4","Certain","Least Complex Structure","turk21"
NA,"AFQKLIYNCVZTL",1469734558.14596,1469734569.68,21,"5","Very Certain","Most Complex Structure","turk21"
NA,"A3VIQ9XPOYB8K6",1469734562.1419,1469734571.25263,5,"12","Very Certain","Least Complex Structure","turk21"
NA,"A3VIQ9XPOYB8K6",1469734571.32283,1469734578.38769,7,"9","Very Certain","Least Complex Structure","turk21"
NA,"A3GPTSDDHJ2DBV",1469734567.20652,1469734581.01744,25,"10","Uncertain","Least Complex Structure","turk21"
NA,"A2BS7B4W5GCS4O",1469734553.96129,1469734581.61564,5,"12","Uncertain","Least Complex Structure","turk21"
NA,"AFQKLIYNCVZTL",1469734569.77214,1469734585.22974,5,"12","Certain","Least Complex Structure","turk21"
NA,"A3GPTSDDHJ2DBV",1469734581.06746,1469734591.86544,15,"8","Neutral","Least Complex Structure","turk21"
NA,"A2BS7B4W5GCS4O",1469734581.66271,1469734594.19654,7,"9","Uncertain","Least Complex Structure","turk21"
NA,"A1XVZCQ983ETMR",1469734576.89596,1469734597.88157,10,"1","Certain","Least Complex Structure","turk21"
NA,"AFQKLIYNCVZTL",1469734585.27416,1469734610.59504,7,"9","Neutral","Least Complex Structure","turk21"
NA,"AU849EHZNGV2Z",1469734563.24373,1469734617.50938,17,"5","Uncertain","Most Complex Structure","turk21"
NA,"AU849EHZNGV2Z",1469734617.55544,1469734627.7634,1,"3","Neutral","Most Complex Structure","turk21"
NA,"A1XVZCQ983ETMR",1469734597.93688,1469734637.47591,18,"11","Neutral","Least Complex Structure","turk21"
NA,"AU849EHZNGV2Z",1469734627.99126,1469734647.72876,16,"11","Uncertain","Most Complex Structure","turk21"
NA,"A1XVZCQ983ETMR",1469734637.53434,1469734651.79308,22,"4","Neutral","Least Complex Structure","turk21"
NA,"A1XVZCQ983ETMR",1469734651.84087,1469734659.25451,8,"7","Certain","Least Complex Structure","turk21"
NA,"AU849EHZNGV2Z",1469734647.77439,1469734664.14254,21,"5","Certain","Most Complex Structure","turk21"
NA,"A1XVZCQ983ETMR",1469734659.29969,1469734664.38565,3,"4","Neutral","Least Complex Structure","turk21"
NA,"AUT86QO3IUZUS",1469734553.42531,1469734669.57297,10,"6","Neutral","Most Complex Structure","turk21"
NA,"A1XVZCQ983ETMR",1469734664.46239,1469734672.51328,13,"8","Neutral","Most Complex Structure","turk21"
NA,"AU849EHZNGV2Z",1469734664.21861,1469734677.77069,5,"1","Neutral","Most Complex Structure","turk21"
NA,"AAASQIW3J32OL",1469734630.50965,1469734679.51078,10,"10","Neutral","Most Complex Structure","turk21"
NA,"AUT86QO3IUZUS",1469734669.61501,1469734683.94291,18,"7","Uncertain","Most Complex Structure","turk21"
NA,"AU849EHZNGV2Z",1469734677.81785,1469734688.09608,7,"11","Neutral","Most Complex Structure","turk21"
NA,"AUT86QO3IUZUS",1469734683.99316,1469734692.0071,22,"4","Certain","Least Complex Structure","turk21"
NA,"AAASQIW3J32OL",1469734679.5948,1469734697.60861,18,"11","Neutral","Most Complex Structure","turk21"
NA,"APGX2WZ59OWDN",1469734697.0587,1469734707.63185,10,"6","Neutral","Most Complex Structure","turk21"
NA,"AAASQIW3J32OL",1469734697.65676,1469734712.05333,22,"4","Certain","Least Complex Structure","turk21"
NA,"AUT86QO3IUZUS",1469734692.17592,1469734713.0651,8,"4","Certain","Most Complex Structure","turk21"
NA,"AUT86QO3IUZUS",1469734713.11119,1469734719.3721,3,"11","Certain","Most Complex Structure","turk21"
NA,"AAASQIW3J32OL",1469734712.09923,1469734728.11511,8,"12","Certain","Most Complex Structure","turk21"
NA,"AUT86QO3IUZUS",1469734719.42756,1469734730.27158,13,"8","Certain","Most Complex Structure","turk21"
NA,"APGX2WZ59OWDN",1469734707.67654,1469734733.46288,18,"11","Neutral","Least Complex Structure","turk21"
NA,"A1XVZCQ983ETMR",1469734672.55777,1469734735.68997,11,"6","Neutral","Most Complex Structure","turk21"
NA,"A3OBVC5L4E5NCG",1469734704.48009,1469734736.13378,10,"6","Certain","Most Complex Structure","turk21"
NA,"A3OBVC5L4E5NCG",1469734736.17585,1469734743.73349,18,"12","Certain","Least Complex Structure","turk21"
NA,"APGX2WZ59OWDN",1469734733.50727,1469734744.92556,22,"12","Neutral","Least Complex Structure","turk21"
NA,"AAASQIW3J32OL",1469734728.15801,1469734746.16021,3,"11","Neutral","Most Complex Structure","turk21"
NA,"A1XVZCQ983ETMR",1469734735.77041,1469734746.27863,16,"12","Neutral","Least Complex Structure","turk21"
NA,"AUT86QO3IUZUS",1469734730.32133,1469734751.43601,11,"10","Uncertain","Most Complex Structure","turk21"
NA,"APGX2WZ59OWDN",1469734744.97301,1469734754.8163,8,"5","Neutral","Least Complex Structure","turk21"
NA,"A1XVZCQ983ETMR",1469734746.32294,1469734757.65914,1,"3","Certain","Other, cross","turk21"
NA,"A3OBVC5L4E5NCG",1469734743.89606,1469734760.76662,22,"1","Certain","Most Complex Structure","turk21"
NA,"APGX2WZ59OWDN",1469734754.8612,1469734762.6367,3,"12","Neutral","Most Complex Structure","turk21"
NA,"AUT86QO3IUZUS",1469734751.48268,1469734764.06668,16,"11","Neutral","Most Complex Structure","turk21"
NA,"A1XVZCQ983ETMR",1469734757.7396,1469734768.52258,25,"6","Certain","Least Complex Structure","turk21"
NA,"APGX2WZ59OWDN",1469734762.69893,1469734769.2339,13,"8","Neutral","Most Complex Structure","turk21"
NA,"A3OBVC5L4E5NCG",1469734760.81075,1469734772.7344,8,"12","Certain","Least Complex Structure","turk21"
NA,"AAASQIW3J32OL",1469734746.21544,1469734778.15514,13,"3","Neutral","Most Complex Structure","turk21"
NA,"A3OBVC5L4E5NCG",1469734772.79838,1469734778.97451,3,"11","Certain","Least Complex Structure","turk21"
NA,"APGX2WZ59OWDN",1469734769.2772,1469734782.26652,11,"6","Neutral","Most Complex Structure","turk21"
NA,"A3OBVC5L4E5NCG",1469734779.14237,1469734784.79019,13,"8","Neutral","Most Complex Structure","turk21"
NA,"AAASQIW3J32OL",1469734778.19753,1469734786.92201,11,"6","Certain","Least Complex Structure","turk21"
NA,"A3OBVC5L4E5NCG",1469734784.84062,1469734794.066,11,"3","Certain","Least Complex Structure","turk21"
NA,"AAASQIW3J32OL",1469734786.96666,1469734796.15671,16,"11","Certain","Least Complex Structure","turk21"
NA,"APGX2WZ59OWDN",1469734782.34501,1469734797.35725,16,"11","Neutral","Most Complex Structure","turk21"
NA,"A3OBVC5L4E5NCG",1469734794.1147,1469734806.67069,16,"11","Certain","Most Complex Structure","turk21"
NA,"APGX2WZ59OWDN",1469734797.43345,1469734808.45966,1,"6","Neutral","Least Complex Structure","turk21"
NA,"A3OBVC5L4E5NCG",1469734806.7193,1469734815.13536,1,"1","Neutral","Least Complex Structure","turk21"
NA,"AAASQIW3J32OL",1469734796.22944,1469734816.85822,1,"9","Neutral","Most Complex Structure","turk21"
NA,"APGX2WZ59OWDN",1469734808.50643,1469734823.50886,25,"2","Neutral","Least Complex Structure","turk21"
NA,"AUT86QO3IUZUS",1469734764.12703,1469734827.02767,1,"2","Certain","Most Complex Structure","turk21"
NA,"A3OBVC5L4E5NCG",1469734815.18968,1469734830.75439,25,"8","Uncertain","Most Complex Structure","turk21"
NA,"AAASQIW3J32OL",1469734816.90488,1469734831.2489,25,"10","Certain","Most Complex Structure","turk21"
NA,"AUT86QO3IUZUS",1469734827.07203,1469734836.66278,25,"4","Uncertain","Least Complex Structure","turk21"
NA,"A10VLJT7V96D9W",1469734826.70602,1469734842.96613,10,"6","Certain","Most Complex Structure","turk21"
NA,"A10VLJT7V96D9W",1469734843.01266,1469734869.6577,4,"4,12","Certain","Least Complex Structure","turk21"
NA,"A27GZN1JOOIAUW",1469734828.13109,1469734872.06181,10,"11","Very Certain","Most Complex Structure","turk21"
NA,"A3NM3GAVMJEI3J",1469734777.51754,1469734881.93903,10,"1","Neutral","Least Complex Structure","turk21"
NA,"A10VLJT7V96D9W",1469734869.70132,1469734891.25533,25,"10","Certain","Least Complex Structure","turk21"
NA,"A10VLJT7V96D9W",1469734891.30174,1469734904.37525,1,"2","Certain","Most Complex Structure","turk21"
NA,"A3NM3GAVMJEI3J",1469734881.98749,1469734914.73639,18,"6","Uncertain","Most Complex Structure","turk21"
NA,"A36SM7QM8OK3H6",1469734896.69562,1469734914.94033,1,"2","Neutral","Most Complex Structure","turk21"
NA,"A10VLJT7V96D9W",1469734904.43459,1469734917.25497,14,"9","Very Certain","Most Complex Structure","turk21"
NA,"A36SM7QM8OK3H6",1469734914.99112,1469734927.77788,7,"11","Very Uncertain","Least Complex Structure","turk21"
NA,"A10VLJT7V96D9W",1469734917.30222,1469734936.34559,20,"9","Neutral","Least Complex Structure","turk21"
NA,"A36SM7QM8OK3H6",1469734927.82245,1469734939.17937,20,"11","Certain","Least Complex Structure","turk21"
NA,"A36SM7QM8OK3H6",1469734939.35696,1469734944.67636,6,"4","Very Certain","Most Complex Structure","turk21"
NA,"A36SM7QM8OK3H6",1469734944.72264,1469734958.04381,24,"2","Certain","Least Complex Structure","turk21"
NA,"A10VLJT7V96D9W",1469734936.43071,1469734961.30075,18,"11","Certain","Least Complex Structure","turk21"
NA,"A3NM3GAVMJEI3J",1469734914.89803,1469734967.37834,22,"4","Very Uncertain","Least Complex Structure","turk21"
NA,"A36SM7QM8OK3H6",1469734958.13102,1469734967.57768,4,"12","Very Uncertain","Least Complex Structure","turk21"
NA,"A36SM7QM8OK3H6",1469734967.62245,1469734973.31125,25,"4","Neutral","Least Complex Structure","turk21"
NA,"A10VLJT7V96D9W",1469734961.38202,1469734976.54007,22,"4","Certain","Least Complex Structure","turk21"
NA,"A36SM7QM8OK3H6",1469734973.36864,1469734985.00253,13,"8","Certain","Most Complex Structure","turk21"
NA,"A10VLJT7V96D9W",1469734976.59334,1469734986.90423,12,"7","Certain","Most Complex Structure","turk21"
NA,"A3NM3GAVMJEI3J",1469734967.42515,1469734994.49614,8,"5","Neutral","Least Complex Structure","turk21"
NA,"A36SM7QM8OK3H6",1469734985.26225,1469734995.217,17,"5","Very Certain","Most Complex Structure","turk21"
NA,"A36SM7QM8OK3H6",1469734995.26313,1469735002.96742,11,"6","Very Certain","Most Complex Structure","turk21"
NA,"A10VLJT7V96D9W",1469734986.9509,1469735022.40767,9,"12,4","Certain","Most Complex Structure","turk21"
NA,"ALDKDKRBR4LXD",1469735007.48841,1469735028.28475,18,"10","Certain","Most Complex Structure","turk21"
NA,"A3NM3GAVMJEI3J",1469734994.54513,1469735051.23206,3,"4","Very Uncertain","Least Complex Structure","turk21"
NA,"ALDKDKRBR4LXD",1469735028.33919,1469735056.15622,13,"8","Neutral","Least Complex Structure","turk21"
NA,"ALDKDKRBR4LXD",1469735056.2326,1469735065.99918,21,"5","Certain","Most Complex Structure","turk21"
NA,"ALDKDKRBR4LXD",1469735066.04427,1469735081.32192,17,"5","Certain","Most Complex Structure","turk21"
NA,"ALDKDKRBR4LXD",1469735081.37685,1469735105.6305,1,"3","Neutral","Most Complex Structure","turk21"
NA,"ALDKDKRBR4LXD",1469735105.68562,1469735116.16573,15,"10","Certain","Most Complex Structure","turk21"
NA,"ALDKDKRBR4LXD",1469735116.21765,1469735132.17987,22,"7","Certain","Least Complex Structure","turk21"
NA,"ALDKDKRBR4LXD",1469735132.228,1469735142.58378,4,"12","Certain","Least Complex Structure","turk21"
NA,"ALDKDKRBR4LXD",1469735142.62951,1469735154.137,10,"10","Certain","Most Complex Structure","turk21"
NA,"ALDKDKRBR4LXD",1469735154.1886,1469735195.75411,9,"3","Neutral","Most Complex Structure","turk21"
NA,"A3NM3GAVMJEI3J",1469735051.27786,1469735210.54567,13,"6","Neutral","Most Complex Structure","turk21"
NA,"AUAN582MLI96N",1469735208.53834,1469735223.54329,11,"6","Very Uncertain","Most Complex Structure","turk21"
NA,"AUAN582MLI96N",1469735223.58995,1469735237.77365,10,"6","Very Uncertain","Most Complex Structure","turk21"
NA,"A3NM3GAVMJEI3J",1469735210.59646,1469735243.03114,11,"6","Uncertain","Most Complex Structure","turk21"
NA,"AUAN582MLI96N",1469735237.86281,1469735252.13494,7,"11","Neutral","Most Complex Structure","turk21"
NA,"AUAN582MLI96N",1469735252.19773,1469735257.874,1,"2","Very Certain","Most Complex Structure","turk21"
NA,"AUAN582MLI96N",1469735257.91907,1469735264.69047,23,"2","Certain","Most Complex Structure","turk21"
NA,"AUAN582MLI96N",1469735264.73588,1469735270.99159,19,"10","Very Certain","Most Complex Structure","turk21"
NA,"AUAN582MLI96N",1469735271.15625,1469735279.92961,25,"7","Uncertain","Most Complex Structure","turk21"
NA,"A3NM3GAVMJEI3J",1469735243.08205,1469735283.7878,16,"1","Neutral","Least Complex Structure","turk21"
NA,"AUAN582MLI96N",1469735279.991,1469735286.10629,14,"9","Certain","Most Complex Structure","turk21"
NA,"AUAN582MLI96N",1469735286.15998,1469735295.99238,3,"5","Uncertain","Least Complex Structure","turk21"
NA,"AUAN582MLI96N",1469735296.03931,1469735302.32045,20,"11","Very Certain","Least Complex Structure","turk21"
NA,"A2WH3GIS2KF8LU",1469735262.01877,1469735309.36876,11,"6","Uncertain","Most Complex Structure","turk21"
NA,"A2WH3GIS2KF8LU",1469735309.41824,1469735333.903,10,"6","Uncertain","Most Complex Structure","turk21"
NA,"A1N4AZ1QXPOPXH",1469735313.63747,1469735336.10852,3,"4","Very Uncertain","Most Complex Structure","turk21"
NA,"A1N4AZ1QXPOPXH",1469735336.27309,1469735342.62321,6,"4","Certain","Most Complex Structure","turk21"
NA,"A3NM3GAVMJEI3J",1469735283.83839,1469735353.97531,1,"10","Uncertain","Most Complex Structure","turk21"
NA,"A1N4AZ1QXPOPXH",1469735342.68514,1469735358.89083,8,"4","Very Uncertain","Most Complex Structure","turk21"
NA,"A1N4AZ1QXPOPXH",1469735358.93426,1469735365.63168,16,"11","Uncertain","Most Complex Structure","turk21"
NA,"A2WH3GIS2KF8LU",1469735333.95001,1469735368.98826,7,"9","Very Uncertain","Least Complex Structure","turk21"
NA,"A1N4AZ1QXPOPXH",1469735365.67794,1469735385.22267,22,"12","Very Uncertain","Least Complex Structure","turk21"
NA,"A2WH3GIS2KF8LU",1469735369.03387,1469735416.50413,1,"2","Uncertain","Most Complex Structure","turk21"
NA,"A1N4AZ1QXPOPXH",1469735385.27338,1469735420.26618,25,"10","Very Uncertain","Least Complex Structure","turk21"
NA,"A1N4AZ1QXPOPXH",1469735420.31413,1469735426.53188,13,"8","Neutral","Most Complex Structure","turk21"
NA,"A1N4AZ1QXPOPXH",1469735426.62698,1469735435.70719,2,"5","Uncertain","Most Complex Structure","turk21"
NA,"A2WH3GIS2KF8LU",1469735416.5649,1469735440.43359,23,"6","Neutral","Least Complex Structure","turk21"
NA,"A1N4AZ1QXPOPXH",1469735435.7935,1469735442.55222,14,"9","Neutral","Most Complex Structure","turk21"
NA,"A1N4AZ1QXPOPXH",1469735442.59808,1469735452.18652,20,"9","Uncertain","Least Complex Structure","turk21"
NA,"A2WH3GIS2KF8LU",1469735440.51,1469735463.41678,19,"10","Certain","Most Complex Structure","turk21"
NA,"A3NM3GAVMJEI3J",1469735354.02841,1469735473.27397,25,"3","Neutral","Most Complex Structure","turk21"
NA,"A195MOXRMNHRVT",1469735452.39454,1469735474.98614,6,"4","Certain","Most Complex Structure","turk21"
NA,"A2WH3GIS2KF8LU",1469735463.51804,1469735494.87237,25,"6","Uncertain","Least Complex Structure","turk21"
NA,"A195MOXRMNHRVT",1469735475.05397,1469735501.46919,19,"10","Uncertain","Most Complex Structure","turk21"
NA,"A2WH3GIS2KF8LU",1469735494.92431,1469735508.58992,14,"9","Very Certain","Most Complex Structure","turk21"
NA,"A2WH3GIS2KF8LU",1469735508.63524,1469735528.87341,3,"5","Neutral","Least Complex Structure","turk21"
NA,"A2WH3GIS2KF8LU",1469735528.94728,1469735564.93349,20,"9","Uncertain","Least Complex Structure","turk21"
NA,"A195MOXRMNHRVT",1469735501.51667,1469735566.58856,3,"11","Uncertain","Least Complex Structure","turk21"
NA,"A195MOXRMNHRVT",1469735566.63951,1469735579.50714,2,"5","Neutral","Most Complex Structure","turk21"
NA,"A195MOXRMNHRVT",1469735579.55766,1469735615.30126,10,"10","Uncertain","Least Complex Structure","turk21"
NA,"A195MOXRMNHRVT",1469735615.34536,1469735630.26321,17,"5","Neutral","Most Complex Structure","turk21"
NA,"A195MOXRMNHRVT",1469735630.30702,1469735669.54753,25,"1","Neutral","Least Complex Structure","turk21"
NA,"A195MOXRMNHRVT",1469735669.59275,1469735681.70566,12,"7","Certain","Most Complex Structure","turk21"
NA,"A195MOXRMNHRVT",1469735681.80341,1469735693.85664,14,"9","Certain","Most Complex Structure","turk21"
NA,"A3MPHGI584PR1U",1469735668.91734,1469735695.44275,3,"4","Certain","Least Complex Structure","turk21"
NA,"AS18U8QBF6PJF",1469735682.33174,1469735702.85274,3,"4","Very Uncertain","Least Complex Structure","turk21"
NA,"A3MPHGI584PR1U",1469735695.48724,1469735717.73391,1,"2","Certain","Most Complex Structure","turk21"
NA,"AS18U8QBF6PJF",1469735702.92747,1469735719.98067,1,"2","Uncertain","Most Complex Structure","turk21"
NA,"A3MPHGI584PR1U",1469735717.78262,1469735728.07179,23,"6","Certain","Least Complex Structure","turk21"
NA,"AS18U8QBF6PJF",1469735720.02654,1469735739.33264,23,"5","Uncertain","Least Complex Structure","turk21"
NA,"A3MPHGI584PR1U",1469735728.13815,1469735740.55304,16,"12","Certain","Least Complex Structure","turk21"
NA,"A195MOXRMNHRVT",1469735693.90322,1469735741.36854,24,"2","Uncertain","Least Complex Structure","turk21"
NA,"A3MPHGI584PR1U",1469735740.60279,1469735748.2335,6,"4","Very Certain","Most Complex Structure","turk21"
NA,"AS18U8QBF6PJF",1469735739.37917,1469735758.14209,16,"11","Uncertain","Most Complex Structure","turk21"
NA,"A3MPHGI584PR1U",1469735748.28723,1469735761.22567,17,"5","Very Certain","Most Complex Structure","turk21"
NA,"A3MPHGI584PR1U",1469735761.27279,1469735769.65516,21,"5","Very Certain","Most Complex Structure","turk21"
NA,"AS18U8QBF6PJF",1469735758.2373,1469735770.87226,6,"7","Uncertain","Least Complex Structure","turk21"
NA,"A3MPHGI584PR1U",1469735769.71321,1469735780.52766,9,"4","Very Certain","Most Complex Structure","turk21"
NA,"AS18U8QBF6PJF",1469735770.9202,1469735782.88979,17,"5","Uncertain","Most Complex Structure","turk21"
NA,"AS18U8QBF6PJF",1469735782.93838,1469735789.02532,21,"5","Uncertain","Most Complex Structure","turk21"
NA,"A3MPHGI584PR1U",1469735780.57145,1469735794.25275,11,"10","Certain","Most Complex Structure","turk21"
NA,"A3MPHGI584PR1U",1469735794.34978,1469735803.25546,12,"7","Certain","Most Complex Structure","turk21"
NA,"AS18U8QBF6PJF",1469735789.07254,1469735825.18368,9,"4","Uncertain","Most Complex Structure","turk21"
NA,"AS18U8QBF6PJF",1469735825.26148,1469735839.48811,11,"6","Uncertain","Most Complex Structure","turk21"
NA,"AS18U8QBF6PJF",1469735839.53367,1469735846.70328,12,"7","Uncertain","Most Complex Structure","turk21"
NA,"A2RBF3IIJP15IH",1469735972.92574,1469735983.33571,18,"11","Certain","Least Complex Structure","turk21"
NA,"A2RBF3IIJP15IH",1469735983.38617,1469735990.9898,1,"2","Certain","Most Complex Structure","turk21"
NA,"A2RBF3IIJP15IH",1469735991.15784,1469736002.39539,10,"2","Neutral","Least Complex Structure","turk21"
NA,"A2RBF3IIJP15IH",1469736002.46269,1469736007.49385,6,"4","Very Certain","Most Complex Structure","turk21"
NA,"A2RBF3IIJP15IH",1469736007.54174,1469736015.73027,15,"8","Certain","Least Complex Structure","turk21"
NA,"A2RBF3IIJP15IH",1469736015.90544,1469736022.54068,11,"6","Certain","Most Complex Structure","turk21"
NA,"A2RBF3IIJP15IH",1469736022.58556,1469736057.96178,20,"9","Neutral","Least Complex Structure","turk21"
NA,"A2RBF3IIJP15IH",1469736058.05297,1469736069.14381,24,"10","Certain","Most Complex Structure","turk21"
NA,"A2RBF3IIJP15IH",1469736069.19012,1469736075.26859,21,"5","Very Certain","Most Complex Structure","turk21"
NA,"A1TH0PTGDSBWMO",1469736002.34824,1469736078.53563,1,"3","Certain","Most Complex Structure","turk21"
NA,"A2RBF3IIJP15IH",1469736075.31614,1469736084.38709,4,"12","Certain","Least Complex Structure","turk21"
NA,"A1TH0PTGDSBWMO",1469736078.58344,1469736119.05091,7,"9","Certain","Least Complex Structure","turk21"
NA,"A1TH0PTGDSBWMO",1469736119.10222,1469736151.6836,5,"3","Certain","Most Complex Structure","turk21"
NA,"A1TH0PTGDSBWMO",1469736151.72832,1469736163.18354,11,"7","Certain","Most Complex Structure","turk21"
NA,"A1TH0PTGDSBWMO",1469736163.23215,1469736231.46935,8,"4","Certain","Least Complex Structure","turk21"
NA,"A1TH0PTGDSBWMO",1469736231.52344,1469736244.63352,18,"10","Certain","Most Complex Structure","turk21"
NA,"A1FHS282JP487T",1469736239.76035,1469736252.02897,10,"6","Certain","Most Complex Structure","turk21"
NA,"A1TH0PTGDSBWMO",1469736244.71307,1469736259.20011,21,"9","Certain","Most Complex Structure","turk21"
NA,"A1FHS282JP487T",1469736252.07891,1469736260.0611,5,"11","Neutral","Most Complex Structure","turk21"
NA,"A1FHS282JP487T",1469736260.12353,1469736266.3599,6,"4","Certain","Most Complex Structure","turk21"
NA,"A1TH0PTGDSBWMO",1469736259.24549,1469736272.83343,23,"6","Certain","Most Complex Structure","turk21"
NA,"A1FHS282JP487T",1469736266.40976,1469736279.54032,19,"10","Certain","Most Complex Structure","turk21"
NA,"A1FHS282JP487T",1469736279.59396,1469736286.124,11,"6","Certain","Most Complex Structure","turk21"
NA,"A1TH0PTGDSBWMO",1469736272.88296,1469736299.2756,13,"3","Certain","Most Complex Structure","turk21"
NA,"A1FHS282JP487T",1469736286.16909,1469736300.3878,24,"12","Certain","Most Complex Structure","turk21"
NA,"A1FHS282JP487T",1469736300.48354,1469736306.47672,12,"7","Certain","Most Complex Structure","turk21"
NA,"A1TH0PTGDSBWMO",1469736299.32511,1469736308.10312,17,"4","Certain","Least Complex Structure","turk21"
NA,"A1FHS282JP487T",1469736306.53784,1469736318.1902,18,"6","Certain","Most Complex Structure","turk21"
NA,"A1FHS282JP487T",1469736318.34871,1469736338.52338,21,"5","Certain","Most Complex Structure","turk21"
NA,"A1FHS282JP487T",1469736338.57159,1469736356.136,3,"5","Neutral","Least Complex Structure","turk21"
NA,"A1OQ3KL56KMQSU",1469736442.74641,1469736450.03406,8,"4","Certain","Most Complex Structure","turk21"
NA,"A2HHGI5CNSS5PD",1469736389.71942,1469736456.53195,8,"4","Certain","Most Complex Structure","turk21"
NA,"A1OQ3KL56KMQSU",1469736450.07835,1469736460.37828,15,"11","Neutral","Least Complex Structure","turk21"
NA,"A3083883A6RJES",1469736447.05993,1469736461.14617,8,"12","Certain","Least Complex Structure","turk21"
NA,"A1OQ3KL56KMQSU",1469736460.44898,1469736464.92173,21,"5","Certain","Most Complex Structure","turk21"
NA,"A3U3L1XQVR362A",1469736448.20921,1469736465.57602,8,"4","Certain","Most Complex Structure","turk21"
NA,"A3083883A6RJES",1469736461.29792,1469736473.90213,15,"11","Certain","Least Complex Structure","turk21"
NA,"A1OQ3KL56KMQSU",1469736464.97029,1469736475.4162,12,"7","Certain","Most Complex Structure","turk21"
NA,"A3N0QZ9ZKUCTCQ",1469736468.48921,1469736479.22947,8,"4","Certain","Most Complex Structure","turk21"
NA,"A3083883A6RJES",1469736473.95035,1469736485.86462,21,"3","Certain","Least Complex Structure","turk21"
NA,"A1OQ3KL56KMQSU",1469736475.50503,1469736488.78731,3,"5","Certain","Least Complex Structure","turk21"
NA,"A1OQ3KL56KMQSU",1469736488.99395,1469736493.54886,6,"4","Certain","Most Complex Structure","turk21"
NA,"A1OQ3KL56KMQSU",1469736493.59162,1469736500.31455,5,"12","Very Certain","Least Complex Structure","turk21"
NA,"A3U3L1XQVR362A",1469736465.62512,1469736505.50721,15,"2","Neutral","Most Complex Structure","turk21"
NA,"A1OQ3KL56KMQSU",1469736500.38871,1469736507.53775,16,"11","Certain","Most Complex Structure","turk21"
NA,"A3083883A6RJES",1469736485.90845,1469736513.10816,12,"5","Certain","Least Complex Structure","turk21"
NA,"A1OQ3KL56KMQSU",1469736507.58866,1469736516.93306,25,"4","Neutral","Least Complex Structure","turk21"
NA,"A3U3L1XQVR362A",1469736505.55389,1469736519.38616,21,"11","Neutral","Most Complex Structure","turk21"
NA,"A3N0QZ9ZKUCTCQ",1469736479.27541,1469736521.32338,15,"12","Certain","Most Complex Structure","turk21"
NA,"A1OQ3KL56KMQSU",1469736516.98062,1469736523.75133,20,"11","Certain","Least Complex Structure","turk21"
NA,"A3083883A6RJES",1469736513.16406,1469736523.87275,3,"5","Certain","Least Complex Structure","turk21"
NA,"A3N0QZ9ZKUCTCQ",1469736521.41358,1469736527.08722,21,"5","Very Certain","Most Complex Structure","turk21"
NA,"A3083883A6RJES",1469736523.91973,1469736537.71387,6,"3","Certain","Least Complex Structure","turk21"
NA,"A3083883A6RJES",1469736537.76484,1469736548.06702,5,"5","Certain","Least Complex Structure","turk21"
NA,"A3N0QZ9ZKUCTCQ",1469736527.1411,1469736549.48294,12,"7","Very Certain","Most Complex Structure","turk21"
NA,"A3U3L1XQVR362A",1469736519.43169,1469736553.10106,12,"6","Neutral","Most Complex Structure","turk21"
NA,"A3083883A6RJES",1469736548.11193,1469736561.10381,16,"9","Neutral","Most Complex Structure","turk21"
NA,"A2HHGI5CNSS5PD",1469736456.6182,1469736571.66719,15,"10","Certain","Most Complex Structure","turk21"
NA,"A3U3L1XQVR362A",1469736553.16422,1469736574.94929,3,"10","Uncertain","Most Complex Structure","turk21"
NA,"A3083883A6RJES",1469736561.15443,1469736577.92372,25,"10","Neutral","Least Complex Structure","turk21"
NA,"A2HHGI5CNSS5PD",1469736571.71323,1469736591.72936,21,"5","Very Certain","Most Complex Structure","turk21"
NA,"A3083883A6RJES",1469736577.97557,1469736591.87635,20,"9","Uncertain","Least Complex Structure","turk21"
NA,"A3U3L1XQVR362A",1469736574.99378,1469736595.03058,6,"4","Neutral","Least Complex Structure","turk21"
NA,"A3N0QZ9ZKUCTCQ",1469736549.64981,1469736595.62778,3,"4","Certain","Most Complex Structure","turk21"
NA,"A3N0QZ9ZKUCTCQ",1469736595.67319,1469736603.56813,6,"4","Very Certain","Most Complex Structure","turk21"
NA,"A3N0QZ9ZKUCTCQ",1469736603.6237,1469736616.52517,5,"12","Certain","Least Complex Structure","turk21"
NA,"A2HHGI5CNSS5PD",1469736591.77477,1469736619.52741,12,"7","Very Certain","Most Complex Structure","turk21"
NA,"A3N0QZ9ZKUCTCQ",1469736616.57406,1469736632.32891,16,"11","Certain","Most Complex Structure","turk21"
NA,"A3N0QZ9ZKUCTCQ",1469736632.37456,1469736701.00686,25,"4","Neutral","Least Complex Structure","turk21"
NA,"A2HHGI5CNSS5PD",1469736619.57632,1469736741.83475,3,"5","Neutral","Least Complex Structure","turk21"
NA,"A3N0QZ9ZKUCTCQ",1469736701.05319,1469736760.17778,20,"9","Certain","Least Complex Structure","turk21"
NA,"A2HHGI5CNSS5PD",1469736741.88353,1469736763.79614,6,"4","Very Certain","Most Complex Structure","turk21"
NA,"A3U3L1XQVR362A",1469736595.17993,1469736769.29439,5,"11","Neutral","Most Complex Structure","turk21"
NA,"A3U3L1XQVR362A",1469736769.40483,1469736779.39675,16,"11","Certain","Most Complex Structure","turk21"
NA,"A3U3L1XQVR362A",1469736779.4452,1469736798.91714,25,"3","Certain","Most Complex Structure","turk21"
NA,"A2HHGI5CNSS5PD",1469736763.84813,1469736801.58019,5,"12","Certain","Least Complex Structure","turk21"
NA,"A3U3L1XQVR362A",1469736798.97599,1469736815.84744,20,"1","Uncertain","Most Complex Structure","turk21"
NA,"A2HHGI5CNSS5PD",1469736801.63029,1469736850.61115,16,"10","Certain","Least Complex Structure","turk21"
NA,"A2HHGI5CNSS5PD",1469736850.77696,1469736880.6206,25,"7","Certain","Most Complex Structure","turk21"
NA,"A2HHGI5CNSS5PD",1469736880.70389,1469736940.78803,20,"9","Certain","Least Complex Structure","turk21"
NA,"A3US0VOOEK3VZ8",1469737226.75581,1469737261.3197,2,"5","Certain","Most Complex Structure","turk21"
NA,"A7RAVFS10BUZ1",1469737375.43929,1469737390.35586,16,"10","Certain","Least Complex Structure","turk21"
NA,"A7RAVFS10BUZ1",1469737390.40098,1469737407.22234,5,"12","Very Certain","Least Complex Structure","turk21"
NA,"A7RAVFS10BUZ1",1469737407.2758,1469737417.29173,6,"4","Certain","Most Complex Structure","turk21"
NA,"A7RAVFS10BUZ1",1469737417.33908,1469737425.21339,21,"5","Certain","Most Complex Structure","turk21"
NA,"A7RAVFS10BUZ1",1469737425.27574,1469737442.62104,10,"4","Certain","Least Complex Structure","turk21"
NA,"A7RAVFS10BUZ1",1469737442.68545,1469737454.41176,18,"11","Very Certain","Least Complex Structure","turk21"
NA,"A1ZZ7YO3YASNIP",1469736886.94736,1469737465.70094,5,"12","Certain","Least Complex Structure","turk21"
NA,"A7RAVFS10BUZ1",1469737454.54191,1469737465.79962,22,"11","Very Certain","Most Complex Structure","turk21"
NA,"A1ZZ7YO3YASNIP",1469737465.74861,1469737476.59501,12,"5","Certain","Least Complex Structure","turk21"
NA,"A7RAVFS10BUZ1",1469737465.84744,1469737479.74306,14,"9","Certain","Most Complex Structure","turk21"
NA,"A7RAVFS10BUZ1",1469737479.78855,1469737490.5216,4,"12","Uncertain","Least Complex Structure","turk21"
NA,"A7RAVFS10BUZ1",1469737490.59374,1469737500.94698,13,"8","Certain","Most Complex Structure","turk21"
NA,"A1ZZ7YO3YASNIP",1469737476.64039,1469737522.03843,14,"9","Certain","Most Complex Structure","turk21"
NA,"A1ZZ7YO3YASNIP",1469737522.08351,1469737545.35004,9,"4","Certain","Most Complex Structure","turk21"
NA,"A1ZZ7YO3YASNIP",1469737545.40064,1469737561.92151,8,"7","Certain","Least Complex Structure","turk21"
NA,"A1ZZ7YO3YASNIP",1469737561.99405,1469737594.59631,1,"6","Certain","Least Complex Structure","turk21"
NA,"A1ZZ7YO3YASNIP",1469737594.64826,1469737626.60527,24,"2","Certain","Least Complex Structure","turk21"
NA,"A1ZZ7YO3YASNIP",1469737626.6479,1469737663.2404,16,"10","Certain","Least Complex Structure","turk21"
NA,"A1ZZ7YO3YASNIP",1469737663.29388,1469737671.90372,23,"5","Certain","Least Complex Structure","turk21"
NA,"A2FUPODRRCESB",1469737681.43592,1469737689.26153,20,"12","Neutral","Most Complex Structure","turk21"
NA,"A1ZZ7YO3YASNIP",1469737671.94832,1469737690.63869,17,"5","Certain","Most Complex Structure","turk21"
NA,"A2FUPODRRCESB",1469737689.31471,1469737700.09438,4,"4,10","Neutral","Most Complex Structure","turk21"
NA,"A2FUPODRRCESB",1469737700.14006,1469737708.46324,14,"1","Certain","Least Complex Structure","turk21"
NA,"A2FUPODRRCESB",1469737708.51169,1469737716.52992,24,"4","Very Uncertain","Least Complex Structure","turk21"
NA,"A2FUPODRRCESB",1469737716.57687,1469737723.29995,22,"11","Certain","Most Complex Structure","turk21"
NA,"A2FUPODRRCESB",1469737723.38622,1469737732.48118,6,"4","Certain","Most Complex Structure","turk21"
NA,"A2FUPODRRCESB",1469737732.52882,1469737742.27218,3,"11","Uncertain","Least Complex Structure","turk21"
NA,"A2FUPODRRCESB",1469737742.32782,1469737747.80956,7,"9","Uncertain","Least Complex Structure","turk21"
NA,"A2FUPODRRCESB",1469737747.8669,1469737754.90009,16,"11","Neutral","Most Complex Structure","turk21"
NA,"A2FUPODRRCESB",1469737754.95588,1469737760.54895,12,"12","Uncertain","Least Complex Structure","turk21"
NA,"A16ICTTBPD7Q6Y",1469737898.20377,1469737923.30215,8,"4","Certain","Most Complex Structure","turk21"
NA,"AWW4I36TBGE2D",1469737949.91962,1469737960.39046,12,"7","Certain","Most Complex Structure","turk21"
NA,"AWW4I36TBGE2D",1469737960.43846,1469737975.60822,9,"1","Neutral","Other, most lines","turk21"
NA,"AWW4I36TBGE2D",1469737975.76803,1469737987.59852,8,"2","Certain","Most Complex Structure","turk21"
NA,"AWW4I36TBGE2D",1469737987.65137,1469737998.52702,23,"6","Certain","Least Complex Structure","turk21"
NA,"A16ICTTBPD7Q6Y",1469737923.37269,1469738002.29097,1,"3","Uncertain","Other, no lines that connect more than two points","turk21"
NA,"AWW4I36TBGE2D",1469737998.57441,1469738017.30252,18,"6","Neutral","Most Complex Structure","turk21"
NA,"A16ICTTBPD7Q6Y",1469738002.33721,1469738017.54225,12,"7","Neutral","Most Complex Structure","turk21"
NA,"A3MIIUL4O2DPY7",1469738007.33442,1469738020.15567,12,"5","Very Certain","Least Complex Structure","turk21"
NA,"A3MIIUL4O2DPY7",1469738020.19847,1469738031.93116,9,"4","Certain","Most Complex Structure","turk21"
NA,"A16ICTTBPD7Q6Y",1469738017.58583,1469738037.98805,3,"5","Uncertain","Least Complex Structure","turk21"
NA,"AWW4I36TBGE2D",1469738017.35099,1469738039.96448,19,"1","Certain","Other, looks vaguely like a clock","turk21"
NA,"A3MIIUL4O2DPY7",1469738031.9866,1469738048.43858,8,"4","Very Certain","Most Complex Structure","turk21"
NA,"A1YD6IATEIIG4X",1469738036.02277,1469738054.59559,12,"7","Uncertain","Other, No dots","turk21"
NA,"A3MIIUL4O2DPY7",1469738048.49543,1469738060.73327,23,"8","Certain","Most Complex Structure","turk21"
NA,"AWW4I36TBGE2D",1469738040.20615,1469738068.21736,11,"1","Very Certain","Other, all the others look like vague faces","turk21"
NA,"A1YD6IATEIIG4X",1469738054.64396,1469738068.89946,9,"1","Uncertain","Least Complex Structure","turk21"
NA,"A16ICTTBPD7Q6Y",1469738038.05296,1469738080.76484,11,"6","Uncertain","Most Complex Structure","turk21"
NA,"A1YD6IATEIIG4X",1469738068.94812,1469738084.70767,8,"4","Uncertain","Most Complex Structure","turk21"
NA,"AWW4I36TBGE2D",1469738068.26227,1469738088.02409,21,"5","Certain","Most Complex Structure","turk21"
NA,"A3MIIUL4O2DPY7",1469738060.78755,1469738091.5689,18,"8","Certain","Least Complex Structure","turk21"
NA,"A1YD6IATEIIG4X",1469738084.76428,1469738097.74272,23,"8","Certain","Most Complex Structure","turk21"
NA,"A16ICTTBPD7Q6Y",1469738080.82275,1469738099.55337,24,"12","Neutral","Most Complex Structure","turk21"
NA,"A3MIIUL4O2DPY7",1469738091.61414,1469738099.64037,19,"10","Very Certain","Most Complex Structure","turk21"
NA,"AWW4I36TBGE2D",1469738088.07103,1469738101.42029,3,"5","Certain","Least Complex Structure","turk21"
NA,"A3MIIUL4O2DPY7",1469738099.68456,1469738110.5827,11,"6","Very Certain","Most Complex Structure","turk21"
NA,"AWW4I36TBGE2D",1469738101.67854,1469738110.80183,1,"6","Certain","Least Complex Structure","turk21"
NA,"A3MIIUL4O2DPY7",1469738110.63089,1469738118.46258,21,"5","Very Certain","Most Complex Structure","turk21"
NA,"A3MIIUL4O2DPY7",1469738118.52161,1469738125.90375,3,"4","Certain","Least Complex Structure","turk21"
NA,"A1YD6IATEIIG4X",1469738097.79288,1469738132.25923,18,"12","Certain","Least Complex Structure","turk21"
NA,"A16ICTTBPD7Q6Y",1469738099.59985,1469738141.65302,19,"10","Neutral","Most Complex Structure","turk21"
NA,"A3MIIUL4O2DPY7",1469738125.94895,1469738145.7676,1,"2","Certain","Most Complex Structure","turk21"
NA,"A1YD6IATEIIG4X",1469738132.30909,1469738146.61754,19,"10","Certain","Most Complex Structure","turk21"
NA,"A16ICTTBPD7Q6Y",1469738141.70137,1469738150.57277,21,"5","Certain","Most Complex Structure","turk21"
NA,"A1YD6IATEIIG4X",1469738146.66829,1469738160.97158,11,"6","Neutral","Most Complex Structure","turk21"
NA,"A1YD6IATEIIG4X",1469738161.04264,1469738166.74613,21,"5","Very Certain","Most Complex Structure","turk21"
NA,"A16ICTTBPD7Q6Y",1469738150.62375,1469738169.85889,10,"10","Uncertain","Least Complex Structure","turk21"
NA,"A16ICTTBPD7Q6Y",1469738169.90602,1469738181.86979,17,"5","Neutral","Most Complex Structure","turk21"
NA,"A1YD6IATEIIG4X",1469738166.80097,1469738190.13738,3,"4","Certain","Least Complex Structure","turk21"
NA,"A1YD6IATEIIG4X",1469738190.21159,1469738198.999,1,"2","Certain","Most Complex Structure","turk21"
NA,"A1X94LTZZQMHTP",1469738669.58629,1469738676.95213,8,"7","Certain","Least Complex Structure","turk21"
NA,"A1X94LTZZQMHTP",1469738677.00451,1469738682.65056,12,"7","Certain","Least Complex Structure","turk21"
NA,"A1X94LTZZQMHTP",1469738682.69688,1469738689.83753,25,"7","Certain","Most Complex Structure","turk21"
NA,"A1X94LTZZQMHTP",1469738689.92818,1469738696.16821,22,"6","Neutral","Most Complex Structure","turk21"
NA,"A1X94LTZZQMHTP",1469738696.22154,1469738701.82745,14,"9","Certain","Least Complex Structure","turk21"
NA,"A1X94LTZZQMHTP",1469738701.91414,1469738712.57988,6,"8","Certain","Least Complex Structure","turk21"
NA,"A1X94LTZZQMHTP",1469738712.62213,1469738722.33925,20,"12","Certain","Least Complex Structure","turk21"
NA,"A1X94LTZZQMHTP",1469738722.40083,1469738726.96346,2,"12","Certain","Least Complex Structure","turk21"
NA,"A1X94LTZZQMHTP",1469738727.00849,1469738732.71612,4,"12","Neutral","Least Complex Structure","turk21"
NA,"A1X94LTZZQMHTP",1469738732.77076,1469738740.14672,17,"11,12","Neutral","Least Complex Structure","turk21"
NA,"A1EQ2HDHF2WWSY",1469739013.45507,1469739025.6937,10,"9","Certain","Least Complex Structure","turk21"
NA,"A1EQ2HDHF2WWSY",1469739025.74516,1469739035.17121,12,"7","Certain","Most Complex Structure","turk21"
NA,"A1EQ2HDHF2WWSY",1469739035.24007,1469739099.35459,5,"12","Certain","Least Complex Structure","turk21"
NA,"A1EQ2HDHF2WWSY",1469739099.41818,1469739109.58509,17,"9","Certain","Least Complex Structure","turk21"
NA,"A1EQ2HDHF2WWSY",1469739109.6326,1469739119.41058,11,"6","Neutral","Most Complex Structure","turk21"
NA,"A1EQ2HDHF2WWSY",1469739119.45582,1469739130.68447,7,"9","Certain","Least Complex Structure","turk21"
NA,"A1EQ2HDHF2WWSY",1469739130.74706,1469739141.51773,23,"2","Very Certain","Most Complex Structure","turk21"
NA,"A1EQ2HDHF2WWSY",1469739141.56472,1469739151.47521,22,"11","Certain","Most Complex Structure","turk21"
NA,"A1EQ2HDHF2WWSY",1469739151.52243,1469739164.33255,4,"12","Neutral","Least Complex Structure","turk21"
NA,"A1EQ2HDHF2WWSY",1469739164.38484,1469739174.18435,18,"11","Certain","Least Complex Structure","turk21"
NA,"A61GHYNS1DFT7",1469740964.31042,1469740982.29518,23,"6","Uncertain","Most Complex Structure","turk21"
NA,"A61GHYNS1DFT7",1469740982.34176,1469740998.39953,8,"12","Uncertain","Most Complex Structure","turk21"
NA,"A61GHYNS1DFT7",1469740998.44527,1469741010.01682,9,"2","Certain","Most Complex Structure","turk21"
NA,"A61GHYNS1DFT7",1469741010.06865,1469741017.52995,15,"11","Uncertain","Most Complex Structure","turk21"
NA,"A61GHYNS1DFT7",1469741017.58603,1469741032.09372,16,"10","Certain","Most Complex Structure","turk21"
NA,"A61GHYNS1DFT7",1469741032.13952,1469741042.35518,19,"11","Certain","Most Complex Structure","turk21"
NA,"A61GHYNS1DFT7",1469741042.41348,1469741057.26989,1,"10","Certain","Most Complex Structure","turk21"
NA,"A61GHYNS1DFT7",1469741057.32545,1469741066.67147,22,"7","Neutral","Most Complex Structure","turk21"
NA,"A61GHYNS1DFT7",1469741066.72057,1469741073.52801,2,"12","Certain","Most Complex Structure","turk21"
NA,"A61GHYNS1DFT7",1469741073.62306,1469741082.2013,14,"9","Uncertain","Least Complex Structure","turk21"
NA,"A2HBI8BAE2C5QH",1469741166.13253,1469741183.46513,9,"12","Neutral","Most Complex Structure","turk21"
NA,"A2HBI8BAE2C5QH",1469741183.51092,1469741208.53764,3,"9","Neutral","Most Complex Structure","turk21"
NA,"A2HBI8BAE2C5QH",1469741208.5887,1469741225.30354,5,"12","Neutral","Least Complex Structure","turk21"
NA,"A2HBI8BAE2C5QH",1469741225.35241,1469741232.53117,13,"8","Certain","Most Complex Structure","turk21"
NA,"A2HBI8BAE2C5QH",1469741232.58823,1469741260.1434,20,"1","Neutral","Most Complex Structure","turk21"
NA,"A2HBI8BAE2C5QH",1469741260.19056,1469741268.78435,11,"6","Neutral","Most Complex Structure","turk21"
NA,"A2HBI8BAE2C5QH",1469741268.8789,1469741282.84057,10,"6","Uncertain","Most Complex Structure","turk21"
NA,"A2HBI8BAE2C5QH",1469741282.90763,1469741289.68966,21,"5","Certain","Most Complex Structure","turk21"
NA,"A2HBI8BAE2C5QH",1469741289.74673,1469741306.71433,18,"1","Neutral","Most Complex Structure","turk21"
NA,"A2HBI8BAE2C5QH",1469741306.76053,1469741351.31067,24,"2","Uncertain","Least Complex Structure","turk21"
NA," APO6KZZ79PO9Q",1469744165.89543,1469744181.93478,4,"5","Certain","Least Complex Structure","turk21"
NA," APO6KZZ79PO9Q",1469744182.05406,1469744189.166,11,"7","Certain","Least Complex Structure","turk21"
NA," APO6KZZ79PO9Q",1469744189.23924,1469744197.54113,16,"8","Certain","Least Complex Structure","turk21"
NA," APO6KZZ79PO9Q",1469744197.65291,1469744206.76302,22,"11","Certain","Most Complex Structure","turk21"
NA," APO6KZZ79PO9Q",1469744206.82529,1469744224.94439,24,"3","Certain","Least Complex Structure","turk21"
NA," APO6KZZ79PO9Q",1469744225.00277,1469744231.64968,3,"5","Neutral","Least Complex Structure","turk21"
NA," APO6KZZ79PO9Q",1469744231.69224,1469744240.913,17,"5","Certain","Most Complex Structure","turk21"
NA," APO6KZZ79PO9Q",1469744240.96184,1469744247.32666,14,"10","Certain","Least Complex Structure","turk21"
NA," APO6KZZ79PO9Q",1469744247.3985,1469744256.38637,6,"9","Certain","Least Complex Structure","turk21"
NA," APO6KZZ79PO9Q",1469744256.42703,1469744266.88505,10,"1","Certain","Least Complex Structure","turk21"
