ip_address,nick_name,start_time,end_time,pic_id,response_no,conf_level,choice_reason,description,weight,response,sample_size,test_param,param_value,p_value,obs_plot_location,pic_name,experiment,difficulty,data_name,trial,type,alt_model,datapick,size,sign,initialEst
,A2LT6KC1X51FVW,1508518637.0275543,1508518650.1851277,9942,2,Certain,Most complicated overall structure,turk22,1,2,NA,jtts,1,NA,2,file23c562755d7.svg,turk22,9,jtts_gof_9_2.csv,0,M-1,data,TRUE,3.340301961018899,0,3.340301961018899
,A37S96RT1P1IT2,1508518633.8908687,1508518650.8555293,9933,1,Certain,Most complicated overall structure,turk22,1,1,NA,jttp,1,NA,1,file23c336a4b8d.svg,turk22,9,jttp_gof_9_3.csv,0,M-1,data,TRUE,-3.4498956944706896,0,-3.4498956944706896
,A154X03NKVZZL1,1508518642.7238114,1508518652.3350348,9942,4,Certain,Most simple overall structure,turk22,1,4,NA,jtts,1,NA,2,file23c562755d7.svg,turk22,9,jtts_gof_9_2.csv,0,M-1,data,FALSE,3.340301961018899,0,3.340301961018899
,A1UTBDKOQ2MKUD,1508518656.7133574,1508518662.8401484,9931,2,Very Certain,Most complicated overall structure,turk22,1,2,NA,jttp,1,NA,2,file23c3125e678.svg,turk22,9,jttp_gof_9_1.csv,0,M-1,data,TRUE,-3.4498956944706896,0,-3.4498956944706896
,A256FHXGSY0E5D,1508518692.8825562,1508518700.838138,9941,3,Certain,Most complicated overall structure,turk22,1,3,NA,jtts,1,NA,3,file23c5f40e48f.svg,turk22,9,jtts_gof_9_1.csv,0,M-1,data,TRUE,3.340301961018899,0,3.340301961018899
,A1EQ2HDHF2WWSY,1508518692.5041766,1508518705.683226,9941,3,Very Certain,"Other, unusual cluster ",turk22,1,3,NA,jtts,1,NA,3,file23c5f40e48f.svg,turk22,9,jtts_gof_9_1.csv,0,M-1,data,TRUE,3.340301961018899,0,3.340301961018899
,AQNIO8YEHWUBR,1508518733.7557197,1508518740.2142107,9933,1,Certain,Most simple overall structure,turk22,1,1,NA,jttp,1,NA,1,file23c336a4b8d.svg,turk22,9,jttp_gof_9_3.csv,0,M-1,data,TRUE,-3.4498956944706896,0,-3.4498956944706896
,A3VP27UUQ34OXK,1508518787.6572285,1508518813.5009725,9942,5,Neutral,Most complicated overall structure,turk22,1,5,NA,jtts,1,NA,2,file23c562755d7.svg,turk22,9,jtts_gof_9_2.csv,0,M-1,data,FALSE,3.340301961018899,0,3.340301961018899
,A19LTHK3TA57SF,1508518849.880437,1508518874.696884,9931,2,Very Certain,Most complicated overall structure,turk22,1,2,NA,jttp,1,NA,2,file23c3125e678.svg,turk22,9,jttp_gof_9_1.csv,0,M-1,data,TRUE,-3.4498956944706896,0,-3.4498956944706896
,A2KI0FDBL0BC32,1508518866.6620739,1508518874.9944954,9931,2,Very Uncertain,Most complicated overall structure,turk22,1,2,NA,jttp,1,NA,2,file23c3125e678.svg,turk22,9,jttp_gof_9_1.csv,0,M-1,data,TRUE,-3.4498956944706896,0,-3.4498956944706896
,A1A1A9UHNQCI9Y,1508518864.9495907,1508518879.170703,9942,1,Certain,Most simple overall structure,turk22,1,1,NA,jtts,1,NA,2,file23c562755d7.svg,turk22,9,jtts_gof_9_2.csv,0,M-1,data,FALSE,3.340301961018899,0,3.340301961018899
,ANMXMEB55AGM6,1508518869.1888704,1508518879.5299478,9931,2,Certain,Most complicated overall structure,turk22,1,2,NA,jttp,1,NA,2,file23c3125e678.svg,turk22,9,jttp_gof_9_1.csv,0,M-1,data,TRUE,-3.4498956944706896,0,-3.4498956944706896
,AT116456PANMW,1508518896.2069986,1508518907.4239526,9942,4,Certain,Most simple overall structure,turk22,1,4,NA,jtts,1,NA,2,file23c562755d7.svg,turk22,9,jtts_gof_9_2.csv,0,M-1,data,FALSE,3.340301961018899,0,3.340301961018899
,A1NM7ZPZ3NH412,1508518897.6789742,1508518907.7663171,9951,2,Neutral,Most complicated overall structure,turk22,1,2,NA,simttb,1,NA,2,file23c5766b3e7.svg,turk22,9,simttb_gof_9_1.csv,0,M-1,data,TRUE,10.090829369002902,0,10.090829369002902
,A22KRF782ELLB0,1508518914.5052881,1508518924.9556503,9973,6,Certain,Most complicated overall structure,turk22,1,6,NA,bigmod,1,NA,6,file23c2357fc42.svg,turk22,9,bigmod_gof_9_3.csv,0,M-1,data,TRUE,1,0,1
,A3FOKP72T5I4FR,1508518920.0050728,1508518932.419705,9951,4,Certain,Most simple overall structure,turk22,1,4,NA,simttb,1,NA,2,file23c5766b3e7.svg,turk22,9,simttb_gof_9_1.csv,0,M-1,data,FALSE,10.090829369002902,0,10.090829369002902
,A20SMUCY0FQA7Z,1508519021.5350654,1508519034.6025512,9943,6,Certain,Most complicated overall structure,turk22,1,6,NA,jtts,1,NA,6,file23c900d7fb.svg,turk22,9,jtts_gof_9_3.csv,0,M-1,data,TRUE,3.340301961018899,0,3.340301961018899
,A1BHINLXH3E2GJ,1508519026.6668155,1508519043.6413078,9943,6,Certain,Most complicated overall structure,turk22,1,6,NA,jtts,1,NA,6,file23c900d7fb.svg,turk22,9,jtts_gof_9_3.csv,0,M-1,data,TRUE,3.340301961018899,0,3.340301961018899
,A3696JXTRKL2FI,1508519055.6969652,1508519069.904777,9943,6,Neutral,Most complicated overall structure,turk22,1,6,NA,jtts,1,NA,6,file23c900d7fb.svg,turk22,9,jtts_gof_9_3.csv,0,M-1,data,TRUE,3.340301961018899,0,3.340301961018899
,A3QZMGTVA4VO44,1508519054.1146772,1508519072.2560105,9951,3,Very Certain,Most complicated overall structure,turk22,1,3,NA,simttb,1,NA,2,file23c5766b3e7.svg,turk22,9,simttb_gof_9_1.csv,0,M-1,data,FALSE,10.090829369002902,0,10.090829369002902
,A1ZZ7YO3YASNIP,1508519163.7623196,1508519169.8709772,9941,3,Certain,Most complicated overall structure,turk22,1,3,NA,jtts,1,NA,3,file23c5f40e48f.svg,turk22,9,jtts_gof_9_1.csv,0,M-1,data,TRUE,3.340301961018899,0,3.340301961018899
,A26GF078IX9A43,1508519202.6420097,1508519234.364648,9973,6,Certain,Most simple overall structure,turk22,1,6,NA,bigmod,1,NA,6,file23c2357fc42.svg,turk22,9,bigmod_gof_9_3.csv,0,M-1,data,TRUE,1,0,1
,A2KVYRNL2CK95F,1508519463.6884055,1508519473.0517879,9952,3,Certain,Most simple overall structure,turk22,1,3,NA,simttb,1,NA,3,file23c57b180f3.svg,turk22,9,simttb_gof_9_2.csv,0,M-1,data,TRUE,10.090829369002902,0,10.090829369002902
,AD1WGUMVD6KED,1508519518.4334965,1508519577.1246812,9941,3,Certain,Most complicated overall structure,turk22,1,3,NA,jtts,1,NA,3,file23c5f40e48f.svg,turk22,9,jtts_gof_9_1.csv,0,M-1,data,TRUE,3.340301961018899,0,3.340301961018899
,A2LQ33BQ8G259D,1508519538.0432992,1508519578.908998,9943,6,Neutral,"Other, Largest cluster",turk22,1,6,NA,jtts,1,NA,6,file23c900d7fb.svg,turk22,9,jtts_gof_9_3.csv,0,M-1,data,TRUE,3.340301961018899,0,3.340301961018899
,A3696JXTRKL2FI,1508519585.837505,1508519596.7166119,9951,4,Neutral,Most complicated overall structure,turk22,1,4,NA,simttb,1,NA,2,file23c5766b3e7.svg,turk22,9,simttb_gof_9_1.csv,0,M-1,data,FALSE,10.090829369002902,0,10.090829369002902
,A2SBISQJE2ZPJQ,1508519587.9818888,1508519625.410163,9941,3,Neutral,Most simple overall structure,turk22,1,3,NA,jtts,1,NA,3,file23c5f40e48f.svg,turk22,9,jtts_gof_9_1.csv,0,M-1,data,TRUE,3.340301961018899,0,3.340301961018899
,A1T3ROSW2LC4FG,1508519600.3399448,1508519681.434959,9931,"4,2",Uncertain,Most complicated overall structure,turk22,0.5,4,NA,jttp,1,NA,2,file23c3125e678.svg,turk22,9,jttp_gof_9_1.csv,0,M-1,data,FALSE,-3.4498956944706896,0,-3.4498956944706896
,A1T3ROSW2LC4FG,1508519600.3399448,1508519681.434959,9931,"4,2",Uncertain,Most complicated overall structure,turk22,0.5,2,NA,jttp,1,NA,2,file23c3125e678.svg,turk22,9,jttp_gof_9_1.csv,0,M-1,data,TRUE,-3.4498956944706896,0,-3.4498956944706896
,A6NN7XDLH3RON,1508519866.5970886,1508519876.7901003,9972,5,Neutral,Most complicated overall structure,turk22,1,5,NA,bigmod,1,NA,4,file23c68da9ce8.svg,turk22,9,bigmod_gof_9_2.csv,0,M-1,data,FALSE,1,0,1
,A2HM35CWB7IIFM,1508519861.943902,1508519891.8408353,9953,3,Very Uncertain,"Other, biggest variation",turk22,1,3,NA,simttb,1,NA,3,file23c173203a2.svg,turk22,9,simttb_gof_9_3.csv,0,M-1,data,TRUE,10.090829369002902,0,10.090829369002902
,A2VE5IV9OD2SK1,1508519885.5984647,1508519914.4844556,9972,4,Certain,"Other, Fewer dots; tree shape is unique ",turk22,1,4,NA,bigmod,1,NA,4,file23c68da9ce8.svg,turk22,9,bigmod_gof_9_2.csv,0,M-1,data,TRUE,1,0,1
,A1UUNYHX3M8O3O,1508519925.664625,1508519938.322871,9953,3,Very Certain,Most simple overall structure,turk22,1,3,NA,simttb,1,NA,3,file23c173203a2.svg,turk22,9,simttb_gof_9_3.csv,0,M-1,data,TRUE,10.090829369002902,0,10.090829369002902
,A1TK0ZMZ571GG0,1508519968.6325545,1508519977.3670197,9972,3,Neutral,Most simple overall structure,turk22,1,3,NA,bigmod,1,NA,4,file23c68da9ce8.svg,turk22,9,bigmod_gof_9_2.csv,0,M-1,data,FALSE,1,0,1
,A28PS7TGEQCFT4,1508519991.7004879,1508520011.0554547,9972,5,Certain,Most complicated overall structure,turk22,1,5,NA,bigmod,1,NA,4,file23c68da9ce8.svg,turk22,9,bigmod_gof_9_2.csv,0,M-1,data,FALSE,1,0,1
,A3QI1RV4HQ9MOC,1508520000.1421814,1508520017.2765906,9971,3,Neutral,Most simple overall structure,turk22,1,3,NA,bigmod,1,NA,2,file23c5ffb4a66.svg,turk22,9,bigmod_gof_9_1.csv,0,M-1,data,FALSE,1,0,1
,A2MFMT03E21ZIT,1508519995.9537408,1508520022.36752,9972,2,Very Certain,Most simple overall structure,turk22,1,2,NA,bigmod,1,NA,4,file23c68da9ce8.svg,turk22,9,bigmod_gof_9_2.csv,0,M-1,data,FALSE,1,0,1
,A3DZ46U9XRLVBI,1508520009.4664369,1508520030.5008059,9941,3,Certain,Most complicated overall structure,turk22,1,3,NA,jtts,1,NA,3,file23c5f40e48f.svg,turk22,9,jtts_gof_9_1.csv,0,M-1,data,TRUE,3.340301961018899,0,3.340301961018899
, A1TSPXCPRHR73P,1508520019.4393466,1508520038.7708745,9971,2,Certain,Most complicated overall structure,turk22,1,2,NA,bigmod,1,NA,2,file23c5ffb4a66.svg,turk22,9,bigmod_gof_9_1.csv,0,M-1,data,TRUE,1,0,1
,A9KSSJXDB6GPE,1508520084.0309813,1508520130.0443387,9971,2,Certain,Most complicated overall structure,turk22,1,2,NA,bigmod,1,NA,2,file23c5ffb4a66.svg,turk22,9,bigmod_gof_9_1.csv,0,M-1,data,TRUE,1,0,1
,A2MFMT03E21ZIT,1508520167.088867,1508520180.131034,9932,6,Very Certain,Most simple overall structure,turk22,1,6,NA,jttp,1,NA,4,file23c10682062.svg,turk22,9,jttp_gof_9_2.csv,0,M-1,data,FALSE,-3.4498956944706896,0,-3.4498956944706896
,A2SBISQJE2ZPJQ,1508520166.9079225,1508520181.9933388,9972,3,Certain,Most simple overall structure,turk22,1,3,NA,bigmod,1,NA,4,file23c68da9ce8.svg,turk22,9,bigmod_gof_9_2.csv,0,M-1,data,FALSE,1,0,1
,A36SM7QM8OK3H6,1508520198.807137,1508520208.8038268,9973,6,Certain,Most complicated overall structure,turk22,1,6,NA,bigmod,1,NA,6,file23c2357fc42.svg,turk22,9,bigmod_gof_9_3.csv,0,M-1,data,TRUE,1,0,1
,ATHS9GUME1XCA,1508520252.5598044,1508520264.6636946,9943,6,Certain,Most simple overall structure,turk22,1,6,NA,jtts,1,NA,6,file23c900d7fb.svg,turk22,9,jtts_gof_9_3.csv,0,M-1,data,TRUE,3.340301961018899,0,3.340301961018899
,A8F6JFG0WSELT,1508520430.7265441,1508520444.5193527,9931,2,Very Certain,Most complicated overall structure,turk22,1,2,NA,jttp,1,NA,2,file23c3125e678.svg,turk22,9,jttp_gof_9_1.csv,0,M-1,data,TRUE,-3.4498956944706896,0,-3.4498956944706896
,A3UNS38BYD3OQR,1508520430.4248128,1508520445.51279,9931,1,Certain,Most simple overall structure,turk22,1,1,NA,jttp,1,NA,2,file23c3125e678.svg,turk22,9,jttp_gof_9_1.csv,0,M-1,data,FALSE,-3.4498956944706896,0,-3.4498956944706896
,A2TBXASXZIRNNW,1508520456.9275954,1508520465.18551,9931,2,Very Certain,Most complicated overall structure,turk22,1,2,NA,jttp,1,NA,2,file23c3125e678.svg,turk22,9,jttp_gof_9_1.csv,0,M-1,data,TRUE,-3.4498956944706896,0,-3.4498956944706896
,A19CB2C4GY4C60,1508520412.845649,1508520474.426754,9931,2,Very Certain,"Other, structure is completely different",turk22,1,2,NA,jttp,1,NA,2,file23c3125e678.svg,turk22,9,jttp_gof_9_1.csv,0,M-1,data,TRUE,-3.4498956944706896,0,-3.4498956944706896
,A18LFH7XW61JO9,1508520449.217065,1508520476.6074002,9931,2,Very Certain,"Other, Different from other plots",turk22,1,2,NA,jttp,1,NA,2,file23c3125e678.svg,turk22,9,jttp_gof_9_1.csv,0,M-1,data,TRUE,-3.4498956944706896,0,-3.4498956944706896
,A3V5IIPZ95YVKH,1508520470.6864297,1508520508.5015984,9971,2,Very Certain,Most simple overall structure,turk22,1,2,NA,bigmod,1,NA,2,file23c5ffb4a66.svg,turk22,9,bigmod_gof_9_1.csv,0,M-1,data,TRUE,1,0,1
,A18LFH7XW61JO9,1508520754.0754797,1508520762.8260972,9931,2,Certain,Most simple overall structure,turk22,1,2,NA,jttp,1,NA,2,file23c3125e678.svg,turk22,9,jttp_gof_9_1.csv,0,M-1,data,TRUE,-3.4498956944706896,0,-3.4498956944706896
,A2ZFTBJPSQX1GB,1508520812.470606,1508520834.6780148,9931,"2,3",Certain,Most complicated overall structure,turk22,0.5,2,NA,jttp,1,NA,2,file23c3125e678.svg,turk22,9,jttp_gof_9_1.csv,0,M-1,data,TRUE,-3.4498956944706896,0,-3.4498956944706896
,A2ZFTBJPSQX1GB,1508520812.470606,1508520834.6780148,9931,"2,3",Certain,Most complicated overall structure,turk22,0.5,3,NA,jttp,1,NA,2,file23c3125e678.svg,turk22,9,jttp_gof_9_1.csv,0,M-1,data,FALSE,-3.4498956944706896,0,-3.4498956944706896
,A2TT6FAIWFD25N,1508520839.8857195,1508520850.1043208,9933,1,Certain,Most simple overall structure,turk22,1,1,NA,jttp,1,NA,1,file23c336a4b8d.svg,turk22,9,jttp_gof_9_3.csv,0,M-1,data,TRUE,-3.4498956944706896,0,-3.4498956944706896
,A3EZ0H07TSDAPW,1508520912.4340286,1508520922.0402822,9933,2,Certain,Most complicated overall structure,turk22,1,2,NA,jttp,1,NA,1,file23c336a4b8d.svg,turk22,9,jttp_gof_9_3.csv,0,M-1,data,FALSE,-3.4498956944706896,0,-3.4498956944706896
,AL6TUFYAMT6U4,1508520925.629702,1508520934.9458911,9933,1,Very Certain,Most complicated overall structure,turk22,1,1,NA,jttp,1,NA,1,file23c336a4b8d.svg,turk22,9,jttp_gof_9_3.csv,0,M-1,data,TRUE,-3.4498956944706896,0,-3.4498956944706896
,A3A8P4UR9A0DWQ,1508521244.2359004,1508521252.3787472,9973,6,Certain,Most simple overall structure,turk22,1,6,NA,bigmod,1,NA,6,file23c2357fc42.svg,turk22,9,bigmod_gof_9_3.csv,0,M-1,data,TRUE,1,0,1
,A5OJ7FHDAEHR9,1508521259.8497214,1508521266.304385,9943,6,Very Uncertain,Most simple overall structure,turk22,1,6,NA,jtts,1,NA,6,file23c900d7fb.svg,turk22,9,jtts_gof_9_3.csv,0,M-1,data,TRUE,3.340301961018899,0,3.340301961018899
,A27HVVLSZZ13XK,1508521248.301499,1508521275.7344925,9973,6,Certain,Most complicated overall structure,turk22,1,6,NA,bigmod,1,NA,6,file23c2357fc42.svg,turk22,9,bigmod_gof_9_3.csv,0,M-1,data,TRUE,1,0,1
,A2LU259QPV1I4V,1508521276.9598567,1508521307.2155545,9973,3,Very Certain,Most simple overall structure,turk22,1,3,NA,bigmod,1,NA,6,file23c2357fc42.svg,turk22,9,bigmod_gof_9_3.csv,0,M-1,data,FALSE,1,0,1
,A1036BH0RBAF1O,1508521560.4545205,1508521567.0641475,9943,6,Certain,Most complicated overall structure,turk22,1,6,NA,jtts,1,NA,6,file23c900d7fb.svg,turk22,9,jtts_gof_9_3.csv,0,M-1,data,TRUE,3.340301961018899,0,3.340301961018899
,AKZ8SFOAI4RZN,1508521708.8258488,1508521721.2641082,9933,1,Very Certain,Most complicated overall structure,turk22,1,1,NA,jttp,1,NA,1,file23c336a4b8d.svg,turk22,9,jttp_gof_9_3.csv,0,M-1,data,TRUE,-3.4498956944706896,0,-3.4498956944706896
,A2LU259QPV1I4V,1508521861.282434,1508521877.8741174,9941,3,Very Certain,Most complicated overall structure,turk22,1,3,NA,jtts,1,NA,3,file23c5f40e48f.svg,turk22,9,jtts_gof_9_1.csv,0,M-1,data,TRUE,3.340301961018899,0,3.340301961018899
,A34DWBBWZRLO1X,1508522152.8872952,1508522163.727674,9973,6,Certain,Most complicated overall structure,turk22,1,6,NA,bigmod,1,NA,6,file23c2357fc42.svg,turk22,9,bigmod_gof_9_3.csv,0,M-1,data,TRUE,1,0,1
,AA9V4NE8SOA4I,1508522163.45378,1508522172.7657828,9951,2,Certain,Most simple overall structure,turk22,1,2,NA,simttb,1,NA,2,file23c5766b3e7.svg,turk22,9,simttb_gof_9_1.csv,0,M-1,data,TRUE,10.090829369002902,0,10.090829369002902
,A194E79BDFEZIU,1508522197.0072134,1508522218.4157941,9973,6,Very Certain,Most simple overall structure,turk22,1,6,NA,bigmod,1,NA,6,file23c2357fc42.svg,turk22,9,bigmod_gof_9_3.csv,0,M-1,data,TRUE,1,0,1
,AIC05ZT6F4AGF,1508522246.469174,1508522267.8635802,9973,3,Very Certain,Most simple overall structure,turk22,1,3,NA,bigmod,1,NA,6,file23c2357fc42.svg,turk22,9,bigmod_gof_9_3.csv,0,M-1,data,FALSE,1,0,1
,A149ROBL26JWPJ,1508522331.102223,1508522343.3600523,9942,4,Neutral,Most simple overall structure,turk22,1,4,NA,jtts,1,NA,2,file23c562755d7.svg,turk22,9,jtts_gof_9_2.csv,0,M-1,data,FALSE,3.340301961018899,0,3.340301961018899
,A22LZ62E0UC4VL,1508522737.822947,1508522743.614046,9943,6,Neutral,Most complicated overall structure,turk22,1,6,NA,jtts,1,NA,6,file23c900d7fb.svg,turk22,9,jtts_gof_9_3.csv,0,M-1,data,TRUE,3.340301961018899,0,3.340301961018899
,campaign_2165,1508522744.774191,1508522753.8671176,9973,6,Very Certain,Most simple overall structure,turk22,1,6,NA,bigmod,1,NA,6,file23c2357fc42.svg,turk22,9,bigmod_gof_9_3.csv,0,M-1,data,TRUE,1,0,1
,A3I25WYU4QVB3V,1508522780.4243524,1508522797.2518444,9973,"6,4",Very Uncertain,Most complicated overall structure,turk22,0.5,6,NA,bigmod,1,NA,6,file23c2357fc42.svg,turk22,9,bigmod_gof_9_3.csv,0,M-1,data,TRUE,1,0,1
,A3I25WYU4QVB3V,1508522780.4243524,1508522797.2518444,9973,"6,4",Very Uncertain,Most complicated overall structure,turk22,0.5,4,NA,bigmod,1,NA,6,file23c2357fc42.svg,turk22,9,bigmod_gof_9_3.csv,0,M-1,data,FALSE,1,0,1
,A22JBMOHQKHTSS,1508522842.2043278,1508522851.2726486,9973,2,Certain,Most complicated overall structure,turk22,1,2,NA,bigmod,1,NA,6,file23c2357fc42.svg,turk22,9,bigmod_gof_9_3.csv,0,M-1,data,FALSE,1,0,1
,A14PFRHG0A2YY9,1508522947.2806292,1508522970.8192213,9942,2,Certain,Most simple overall structure,turk22,1,2,NA,jtts,1,NA,2,file23c562755d7.svg,turk22,9,jtts_gof_9_2.csv,0,M-1,data,TRUE,3.340301961018899,0,3.340301961018899
, A1BQCRF5Q76YFY,1508523103.4286947,1508523120.2428572,9973,2,Certain,Most simple overall structure,turk22,1,2,NA,bigmod,1,NA,6,file23c2357fc42.svg,turk22,9,bigmod_gof_9_3.csv,0,M-1,data,FALSE,1,0,1
,A1A3TGZ7DKJWRW,1508523127.3464906,1508523132.5668657,9973,6,Certain,Most complicated overall structure,turk22,1,6,NA,bigmod,1,NA,6,file23c2357fc42.svg,turk22,9,bigmod_gof_9_3.csv,0,M-1,data,TRUE,1,0,1
,A5TI9UQEPLNWI,1508523495.2471156,1508523504.8486032,9952,3,Certain,Most complicated overall structure,turk22,1,3,NA,simttb,1,NA,3,file23c57b180f3.svg,turk22,9,simttb_gof_9_2.csv,0,M-1,data,TRUE,10.090829369002902,0,10.090829369002902
,A1TFWB4P6PXA3M,1508523502.8186955,1508523526.4146948,9932,4,Very Certain,"Other, A quarter of the plot is empty.",turk22,1,4,NA,jttp,1,NA,4,file23c10682062.svg,turk22,9,jttp_gof_9_2.csv,0,M-1,data,TRUE,-3.4498956944706896,0,-3.4498956944706896
,A681XM15AN28F,1508523564.2144608,1508523580.9757853,9942,2,Uncertain,Most complicated overall structure,turk22,1,2,NA,jtts,1,NA,2,file23c562755d7.svg,turk22,9,jtts_gof_9_2.csv,0,M-1,data,TRUE,3.340301961018899,0,3.340301961018899
,A39YBLQYIUBR76,1508524022.658728,1508524029.6346846,9932,4,Neutral,Most simple overall structure,turk22,1,4,NA,jttp,1,NA,4,file23c10682062.svg,turk22,9,jttp_gof_9_2.csv,0,M-1,data,TRUE,-3.4498956944706896,0,-3.4498956944706896
, AE03LUY7RH400,1508524058.5181048,1508524079.03083,9973,6,Uncertain,Most complicated overall structure,turk22,1,6,NA,bigmod,1,NA,6,file23c2357fc42.svg,turk22,9,bigmod_gof_9_3.csv,0,M-1,data,TRUE,1,0,1
,A1AXD2Q0MREL8W,1508524039.9409955,1508524089.2376091,9973,6,Certain,"Other, different structure",turk22,1,6,NA,bigmod,1,NA,6,file23c2357fc42.svg,turk22,9,bigmod_gof_9_3.csv,0,M-1,data,TRUE,1,0,1
,A1S88VQY8G8CNC,1508524146.021794,1508524173.116495,9973,3,Uncertain,Most simple overall structure,turk22,1,3,NA,bigmod,1,NA,6,file23c2357fc42.svg,turk22,9,bigmod_gof_9_3.csv,0,M-1,data,FALSE,1,0,1
,A38DC3BG1ZCVZ2,1508524538.577967,1508524549.4528844,9931,2,Very Certain,Most complicated overall structure,turk22,1,2,NA,jttp,1,NA,2,file23c3125e678.svg,turk22,9,jttp_gof_9_1.csv,0,M-1,data,TRUE,-3.4498956944706896,0,-3.4498956944706896
, AE03LUY7RH400,1508524557.4477885,1508524567.7845678,9973,6,Certain,Most simple overall structure,turk22,1,6,NA,bigmod,1,NA,6,file23c2357fc42.svg,turk22,9,bigmod_gof_9_3.csv,0,M-1,data,TRUE,1,0,1
,A1AXD2Q0MREL8W,1508524592.2749307,1508524607.9358678,9931,2,Very Certain,Most complicated overall structure,turk22,1,2,NA,jttp,1,NA,2,file23c3125e678.svg,turk22,9,jttp_gof_9_1.csv,0,M-1,data,TRUE,-3.4498956944706896,0,-3.4498956944706896
,A38IB23GPSEKY1,1508524814.7264235,1508524831.551178,9933,1,Certain,Most complicated overall structure,turk22,1,1,NA,jttp,1,NA,1,file23c336a4b8d.svg,turk22,9,jttp_gof_9_3.csv,0,M-1,data,TRUE,-3.4498956944706896,0,-3.4498956944706896
,A32QJF67JMJFKX,1508524892.331089,1508524902.3497314,9943,6,Certain,Most complicated overall structure,turk22,1,6,NA,jtts,1,NA,6,file23c900d7fb.svg,turk22,9,jtts_gof_9_3.csv,0,M-1,data,TRUE,3.340301961018899,0,3.340301961018899
,A3D1VTLX623K6I,1508524989.6406577,1508525005.9962935,9972,3,Certain,Most simple overall structure,turk22,1,3,NA,bigmod,1,NA,4,file23c68da9ce8.svg,turk22,9,bigmod_gof_9_2.csv,0,M-1,data,FALSE,1,0,1
,A3D1VTLX623K6I,1508525298.5063612,1508525308.9655952,9972,4,Certain,Most complicated overall structure,turk22,1,4,NA,bigmod,1,NA,4,file23c68da9ce8.svg,turk22,9,bigmod_gof_9_2.csv,0,M-1,data,TRUE,1,0,1
,A1DVKS3R9SLQ1H,1508525480.036003,1508525496.9797575,9972,4,Very Certain,Most complicated overall structure,turk22,1,4,NA,bigmod,1,NA,4,file23c68da9ce8.svg,turk22,9,bigmod_gof_9_2.csv,0,M-1,data,TRUE,1,0,1
,AOXM7IK32TST5,1508525753.8605983,1508525761.343087,9952,3,Certain,Most complicated overall structure,turk22,1,3,NA,simttb,1,NA,3,file23c57b180f3.svg,turk22,9,simttb_gof_9_2.csv,0,M-1,data,TRUE,10.090829369002902,0,10.090829369002902
,AKLV0WIZZ356X,1508526023.9575093,1508526034.2678337,9943,6,Uncertain,Most complicated overall structure,turk22,1,6,NA,jtts,1,NA,6,file23c900d7fb.svg,turk22,9,jtts_gof_9_3.csv,0,M-1,data,TRUE,3.340301961018899,0,3.340301961018899
,ASB8T0H7L99RF,1508526106.1587725,1508526116.2131746,9943,6,Very Certain,Most complicated overall structure,turk22,1,6,NA,jtts,1,NA,6,file23c900d7fb.svg,turk22,9,jtts_gof_9_3.csv,0,M-1,data,TRUE,3.340301961018899,0,3.340301961018899
,A3D9L5CQXK1YJL,1508526238.4286582,1508526247.3769605,9932,4,Certain,Most complicated overall structure,turk22,1,4,NA,jttp,1,NA,4,file23c10682062.svg,turk22,9,jttp_gof_9_2.csv,0,M-1,data,TRUE,-3.4498956944706896,0,-3.4498956944706896
,ACVEFRSUAPSEQ,1508526332.5547159,1508526342.353702,9933,1,Certain,Most complicated overall structure,turk22,1,1,NA,jttp,1,NA,1,file23c336a4b8d.svg,turk22,9,jttp_gof_9_3.csv,0,M-1,data,TRUE,-3.4498956944706896,0,-3.4498956944706896
,APGX2WZ59OWDN,1508526336.2443802,1508526342.6796181,9951,2,Certain,Most complicated overall structure,turk22,1,2,NA,simttb,1,NA,2,file23c5766b3e7.svg,turk22,9,simttb_gof_9_1.csv,0,M-1,data,TRUE,10.090829369002902,0,10.090829369002902
,A20CZCJPRP54G9,1508526355.5164547,1508526367.0312061,9933,1,Very Certain,Most complicated overall structure,turk22,1,1,NA,jttp,1,NA,1,file23c336a4b8d.svg,turk22,9,jttp_gof_9_3.csv,0,M-1,data,TRUE,-3.4498956944706896,0,-3.4498956944706896
,A3HASDF6Z4WNJ,1508526722.3527477,1508526736.2283082,9972,2,Neutral,Most simple overall structure,turk22,1,2,NA,bigmod,1,NA,4,file23c68da9ce8.svg,turk22,9,bigmod_gof_9_2.csv,0,M-1,data,FALSE,1,0,1
,ivasanthi@gmail.com,1508526725.9189878,1508526742.338907,9971,6,Neutral,Most simple overall structure,turk22,1,6,NA,bigmod,1,NA,2,file23c5ffb4a66.svg,turk22,9,bigmod_gof_9_1.csv,0,M-1,data,FALSE,1,0,1
,A207IHY6GERCFO,1508526736.8427331,1508526746.2126827,9932,4,Neutral,Most complicated overall structure,turk22,1,4,NA,jttp,1,NA,4,file23c10682062.svg,turk22,9,jttp_gof_9_2.csv,0,M-1,data,TRUE,-3.4498956944706896,0,-3.4498956944706896
,A3U761PEG7MFKT,1508526989.6578386,1508526998.716769,9972,1,Certain,Most simple overall structure,turk22,1,1,NA,bigmod,1,NA,4,file23c68da9ce8.svg,turk22,9,bigmod_gof_9_2.csv,0,M-1,data,FALSE,1,0,1
, A3HASDF6Z4WNJ,1508527048.7008626,1508527069.700281,9972,"4,5",Certain,Most complicated overall structure,turk22,0.5,4,NA,bigmod,1,NA,4,file23c68da9ce8.svg,turk22,9,bigmod_gof_9_2.csv,0,M-1,data,TRUE,1,0,1
, A3HASDF6Z4WNJ,1508527048.7008626,1508527069.700281,9972,"4,5",Certain,Most complicated overall structure,turk22,0.5,5,NA,bigmod,1,NA,4,file23c68da9ce8.svg,turk22,9,bigmod_gof_9_2.csv,0,M-1,data,FALSE,1,0,1
,A2R0YYUAWNT7UD,1508527368.1415281,1508527379.9192927,9942,4,Certain,Most simple overall structure,turk22,1,4,NA,jtts,1,NA,2,file23c562755d7.svg,turk22,9,jtts_gof_9_2.csv,0,M-1,data,FALSE,3.340301961018899,0,3.340301961018899
,A3GK90X2QOFR53,1508527518.6197443,1508527531.8083456,9972,1,Certain,Most complicated overall structure,turk22,1,1,NA,bigmod,1,NA,4,file23c68da9ce8.svg,turk22,9,bigmod_gof_9_2.csv,0,M-1,data,FALSE,1,0,1
,A27VBVMMEX9GJB,1508527792.288052,1508527811.2777143,9972,4,Certain,"Other, more blank space than other plots",turk22,1,4,NA,bigmod,1,NA,4,file23c68da9ce8.svg,turk22,9,bigmod_gof_9_2.csv,0,M-1,data,TRUE,1,0,1
,A3G5IPGLH1IIZN,1508527912.0254564,1508527920.2566376,9952,3,Very Uncertain,Most complicated overall structure,turk22,1,3,NA,simttb,1,NA,3,file23c57b180f3.svg,turk22,9,simttb_gof_9_2.csv,0,M-1,data,TRUE,10.090829369002902,0,10.090829369002902
,A2RR3R75ECQSKE,1508528137.744938,1508528145.0022585,9972,4,Certain,Most complicated overall structure,turk22,1,4,NA,bigmod,1,NA,4,file23c68da9ce8.svg,turk22,9,bigmod_gof_9_2.csv,0,M-1,data,TRUE,1,0,1
,A3N7R7P9HP2YB6,1508528164.0059311,1508528176.6181388,9972,4,Certain,Most complicated overall structure,turk22,1,4,NA,bigmod,1,NA,4,file23c68da9ce8.svg,turk22,9,bigmod_gof_9_2.csv,0,M-1,data,TRUE,1,0,1
,AVXEDARJC5HLU,1508528158.2153804,1508528182.981594,9972,4,Certain,Most complicated overall structure,turk22,1,4,NA,bigmod,1,NA,4,file23c68da9ce8.svg,turk22,9,bigmod_gof_9_2.csv,0,M-1,data,TRUE,1,0,1
,A12IOD8IXOEL1P,1508528072.4491942,1508528185.7400556,9952,3,Very Certain,Most complicated overall structure,turk22,1,3,NA,simttb,1,NA,3,file23c57b180f3.svg,turk22,9,simttb_gof_9_2.csv,0,M-1,data,TRUE,10.090829369002902,0,10.090829369002902
,AK8ONB60Q4RJ5,1508528223.349564,1508528237.8815303,9972,4,Certain,Most complicated overall structure,turk22,1,4,NA,bigmod,1,NA,4,file23c68da9ce8.svg,turk22,9,bigmod_gof_9_2.csv,0,M-1,data,TRUE,1,0,1
,A3O7X46E3REM7I,1508528239.718702,1508528254.9291198,9972,1,Certain,Most simple overall structure,turk22,1,1,NA,bigmod,1,NA,4,file23c68da9ce8.svg,turk22,9,bigmod_gof_9_2.csv,0,M-1,data,FALSE,1,0,1
,A1P6OXEJ86HQRM,1508528417.395108,1508528424.1945693,9972,4,Certain,Most complicated overall structure,turk22,1,4,NA,bigmod,1,NA,4,file23c68da9ce8.svg,turk22,9,bigmod_gof_9_2.csv,0,M-1,data,TRUE,1,0,1
,A2E3SM3T01ENIR,1508528757.3709571,1508528770.5366442,9943,6,Very Certain,Most complicated overall structure,turk22,1,6,NA,jtts,1,NA,6,file23c900d7fb.svg,turk22,9,jtts_gof_9_3.csv,0,M-1,data,TRUE,3.340301961018899,0,3.340301961018899
,A3HNEYFOIJWPH1,1508528781.7315207,1508528788.0190012,9933,1,Certain,Most complicated overall structure,turk22,1,1,NA,jttp,1,NA,1,file23c336a4b8d.svg,turk22,9,jttp_gof_9_3.csv,0,M-1,data,TRUE,-3.4498956944706896,0,-3.4498956944706896
,A3VOSFN1XRFF01,1508528856.7488933,1508528873.3815584,9943,6,Certain,Most complicated overall structure,turk22,1,6,NA,jtts,1,NA,6,file23c900d7fb.svg,turk22,9,jtts_gof_9_3.csv,0,M-1,data,TRUE,3.340301961018899,0,3.340301961018899
,A1XO6ONCCTBMKW,1508528858.9405053,1508528884.666759,9943,6,Very Certain,Most simple overall structure,turk22,1,6,NA,jtts,1,NA,6,file23c900d7fb.svg,turk22,9,jtts_gof_9_3.csv,0,M-1,data,TRUE,3.340301961018899,0,3.340301961018899
,A1MQ9B05ZMM4YI,1508528907.5217476,1508528918.5263283,9933,2,Uncertain,Most simple overall structure,turk22,1,2,NA,jttp,1,NA,1,file23c336a4b8d.svg,turk22,9,jttp_gof_9_3.csv,0,M-1,data,FALSE,-3.4498956944706896,0,-3.4498956944706896
,A3862RIFFUV141,1508529224.243592,1508529258.7806711,9943,6,Very Certain,Most complicated overall structure,turk22,1,6,NA,jtts,1,NA,6,file23c900d7fb.svg,turk22,9,jtts_gof_9_3.csv,0,M-1,data,TRUE,3.340301961018899,0,3.340301961018899
,A12GJUCS7AJ4K,1508529347.0279703,1508529385.8282106,9953,3,Very Certain,"Other, Plot #3 has significant empty space compared to all the other plots.",turk22,1,3,NA,simttb,1,NA,3,file23c173203a2.svg,turk22,9,simttb_gof_9_3.csv,0,M-1,data,TRUE,10.090829369002902,0,10.090829369002902
,A5EU1AQJNC7F2,1508529552.2222166,1508529563.2152596,9971,2,Certain,Most complicated overall structure,turk22,1,2,NA,bigmod,1,NA,2,file23c5ffb4a66.svg,turk22,9,bigmod_gof_9_1.csv,0,M-1,data,TRUE,1,0,1
,A3KX8PBHVFQZ3U,1508529673.0886798,1508529683.6276512,9931,2,Very Certain,Most complicated overall structure,turk22,1,2,NA,jttp,1,NA,2,file23c3125e678.svg,turk22,9,jttp_gof_9_1.csv,0,M-1,data,TRUE,-3.4498956944706896,0,-3.4498956944706896
,A25D66AC4QUW2U,1508530671.8667173,1508530696.7768903,9971,2,Certain,"Other, unique",turk22,1,2,NA,bigmod,1,NA,2,file23c5ffb4a66.svg,turk22,9,bigmod_gof_9_1.csv,0,M-1,data,TRUE,1,0,1
,A2HR7ZIX42FEPG,1508530991.8188205,1508530996.3842733,9932,4,Certain,Most complicated overall structure,turk22,1,4,NA,jttp,1,NA,4,file23c10682062.svg,turk22,9,jttp_gof_9_2.csv,0,M-1,data,TRUE,-3.4498956944706896,0,-3.4498956944706896
,A219VCQZADQ45W,1508531223.9201508,1508531252.7302582,9951,4,Certain,Most simple overall structure,turk22,1,4,NA,simttb,1,NA,2,file23c5766b3e7.svg,turk22,9,simttb_gof_9_1.csv,0,M-1,data,FALSE,10.090829369002902,0,10.090829369002902
,A2EEL9YYUHL5SK,1508531592.57092,1508531601.1928163,9971,2,Very Certain,Most complicated overall structure,turk22,1,2,NA,bigmod,1,NA,2,file23c5ffb4a66.svg,turk22,9,bigmod_gof_9_1.csv,0,M-1,data,TRUE,1,0,1
,A87D3K9YVKTQ7,1508532321.6886017,1508532378.594713,9971,2,Very Certain,Most complicated overall structure,turk22,1,2,NA,bigmod,1,NA,2,file23c5ffb4a66.svg,turk22,9,bigmod_gof_9_1.csv,0,M-1,data,TRUE,1,0,1
,A2OJ5XOEKTKRR9,1508532503.27118,1508532518.1498902,9933,3,Very Certain,Most simple overall structure,turk22,1,3,NA,jttp,1,NA,1,file23c336a4b8d.svg,turk22,9,jttp_gof_9_3.csv,0,M-1,data,FALSE,-3.4498956944706896,0,-3.4498956944706896
,AW9983V6TUGF8,1508532990.9143856,1508533010.7742176,9952,1,Certain,Most simple overall structure,turk22,1,1,NA,simttb,1,NA,3,file23c57b180f3.svg,turk22,9,simttb_gof_9_2.csv,0,M-1,data,FALSE,10.090829369002902,0,10.090829369002902
,A3RR85PK3AV9TU,1508534170.1618936,1508534178.4301388,9973,6,Certain,Most complicated overall structure,turk22,1,6,NA,bigmod,1,NA,6,file23c2357fc42.svg,turk22,9,bigmod_gof_9_3.csv,0,M-1,data,TRUE,1,0,1
, AW68SPY92DA6L,1508535708.8346648,1508535708.9397082,9942,4,Very Certain,Most simple overall structure,turk22,1,4,NA,jtts,1,NA,2,file23c562755d7.svg,turk22,9,jtts_gof_9_2.csv,0,M-1,data,FALSE,3.340301961018899,0,3.340301961018899
,A2AMI7BVALOCJP,1508537354.5856042,1508537361.0250516,9932,"5,1",Neutral,Most simple overall structure,turk22,0.5,5,NA,jttp,1,NA,4,file23c10682062.svg,turk22,9,jttp_gof_9_2.csv,0,M-1,data,FALSE,-3.4498956944706896,0,-3.4498956944706896
,A2AMI7BVALOCJP,1508537354.5856042,1508537361.0250516,9932,"5,1",Neutral,Most simple overall structure,turk22,0.5,1,NA,jttp,1,NA,4,file23c10682062.svg,turk22,9,jttp_gof_9_2.csv,0,M-1,data,FALSE,-3.4498956944706896,0,-3.4498956944706896
,A6U5ZHN5Y953Q,1508537578.1037972,1508537672.7375298,9941,3,Very Certain,Most complicated overall structure,turk22,1,3,NA,jtts,1,NA,3,file23c5f40e48f.svg,turk22,9,jtts_gof_9_1.csv,0,M-1,data,TRUE,3.340301961018899,0,3.340301961018899
, AF09UGIC6B81Y,1508537688.7339916,1508537705.7391934,9933,1,Uncertain,Most complicated overall structure,turk22,1,1,NA,jttp,1,NA,1,file23c336a4b8d.svg,turk22,9,jttp_gof_9_3.csv,0,M-1,data,TRUE,-3.4498956944706896,0,-3.4498956944706896
, A175PJR0W3LO8I,1508539158.3507433,1508539195.5771737,9942,2,Certain,Most simple overall structure,turk22,1,2,NA,jtts,1,NA,2,file23c562755d7.svg,turk22,9,jtts_gof_9_2.csv,0,M-1,data,TRUE,3.340301961018899,0,3.340301961018899
,ARZEZGD9TYK3Q,1508539381.3365948,1508539401.1160417,9942,4,Neutral,Most complicated overall structure,turk22,1,4,NA,jtts,1,NA,2,file23c562755d7.svg,turk22,9,jtts_gof_9_2.csv,0,M-1,data,FALSE,3.340301961018899,0,3.340301961018899
,A2WGW5Y3ZFBDEC,1508539951.1792014,1508539962.8390923,9952,3,Certain,Most simple overall structure,turk22,1,3,NA,simttb,1,NA,3,file23c57b180f3.svg,turk22,9,simttb_gof_9_2.csv,0,M-1,data,TRUE,10.090829369002902,0,10.090829369002902
,A13FT8BNX9UUP8,1508540534.3242128,1508540560.974268,9933,1,Certain,Most complicated overall structure,turk22,1,1,NA,jttp,1,NA,1,file23c336a4b8d.svg,turk22,9,jttp_gof_9_3.csv,0,M-1,data,TRUE,-3.4498956944706896,0,-3.4498956944706896
,A3T5E7K68QRMKC,1508542570.5202982,1508542585.5839357,9932,4,Neutral,Most simple overall structure,turk22,1,4,NA,jttp,1,NA,4,file23c10682062.svg,turk22,9,jttp_gof_9_2.csv,0,M-1,data,TRUE,-3.4498956944706896,0,-3.4498956944706896
,A3GUVWDWXARFHF,1508544844.3471594,1508544868.255381,9973,6,Very Certain,"Other, largest clear space out of all choices",turk22,1,6,NA,bigmod,1,NA,6,file23c2357fc42.svg,turk22,9,bigmod_gof_9_3.csv,0,M-1,data,TRUE,1,0,1
,A3OWHW7XYQU52K,1508546629.7958426,1508546647.3294792,9933,1,Certain,Most complicated overall structure,turk22,1,1,NA,jttp,1,NA,1,file23c336a4b8d.svg,turk22,9,jttp_gof_9_3.csv,0,M-1,data,TRUE,-3.4498956944706896,0,-3.4498956944706896
,A19ED8FYO6CA36,1508549709.9349284,1508549729.3885856,9931,2,Very Certain,Most complicated overall structure,turk22,1,2,NA,jttp,1,NA,2,file23c3125e678.svg,turk22,9,jttp_gof_9_1.csv,0,M-1,data,TRUE,-3.4498956944706896,0,-3.4498956944706896
,A1IU5OP7BBZHZ7,1508549992.3692715,1508550011.7384713,9942,2,Certain,Most complicated overall structure,turk22,1,2,NA,jtts,1,NA,2,file23c562755d7.svg,turk22,9,jtts_gof_9_2.csv,0,M-1,data,TRUE,3.340301961018899,0,3.340301961018899
,A3IL3HGJW7K6Q1,1508550576.1621296,1508550585.8107762,9932,2,Neutral,Most simple overall structure,turk22,1,2,NA,jttp,1,NA,4,file23c10682062.svg,turk22,9,jttp_gof_9_2.csv,0,M-1,data,FALSE,-3.4498956944706896,0,-3.4498956944706896
,A12ZPHBEIHN8U7,1508551457.3359962,1508551471.3897731,9932,4,Very Certain,Most complicated overall structure,turk22,1,4,NA,jttp,1,NA,4,file23c10682062.svg,turk22,9,jttp_gof_9_2.csv,0,M-1,data,TRUE,-3.4498956944706896,0,-3.4498956944706896
,AM0JKZVOEOTMA,1508554121.8472364,1508554255.2012944,9951,4,Neutral,Most simple overall structure,turk22,1,4,NA,simttb,1,NA,2,file23c5766b3e7.svg,turk22,9,simttb_gof_9_1.csv,0,M-1,data,FALSE,10.090829369002902,0,10.090829369002902
,A70L26UXLTGLC,1508555622.1367326,1508555637.617935,9953,3,Certain,Most complex overall structure,turk22,1,3,NA,simttb,1,NA,3,file23c173203a2.svg,turk22,9,simttb_gof_9_3.csv,0,M-1,data,TRUE,10.090829369002902,0,10.090829369002902
,A3J9EHZQ9PERAX,1508557281.9680767,1508557304.4538555,9973,6,Uncertain,"Other, More open space",turk22,1,6,NA,bigmod,1,NA,6,file23c2357fc42.svg,turk22,9,bigmod_gof_9_3.csv,0,M-1,data,TRUE,1,0,1
,A12SMSQ6D5227J,1508557407.3482566,1508557412.1944895,9931,2,Neutral,Most complex overall structure,turk22,1,2,NA,jttp,1,NA,2,file23c3125e678.svg,turk22,9,jttp_gof_9_1.csv,0,M-1,data,TRUE,-3.4498956944706896,0,-3.4498956944706896
,A1XLGIFFGB01EU,1508557674.796151,1508557679.5532131,9933,1,Very Certain,Most complex overall structure,turk22,1,1,NA,jttp,1,NA,1,file23c336a4b8d.svg,turk22,9,jttp_gof_9_3.csv,0,M-1,data,TRUE,-3.4498956944706896,0,-3.4498956944706896
,A2ICL29CB31UG2,1508558584.9772005,1508558604.020467,9972,"4,5,6",Neutral,Most complex overall structure,turk22,0.3333333333333333,4,NA,bigmod,1,NA,4,file23c68da9ce8.svg,turk22,9,bigmod_gof_9_2.csv,0,M-1,data,TRUE,1,0,1
,A2ICL29CB31UG2,1508558584.9772005,1508558604.020467,9972,"4,5,6",Neutral,Most complex overall structure,turk22,0.3333333333333333,5,NA,bigmod,1,NA,4,file23c68da9ce8.svg,turk22,9,bigmod_gof_9_2.csv,0,M-1,data,FALSE,1,0,1
,A2ICL29CB31UG2,1508558584.9772005,1508558604.020467,9972,"4,5,6",Neutral,Most complex overall structure,turk22,0.3333333333333333,6,NA,bigmod,1,NA,4,file23c68da9ce8.svg,turk22,9,bigmod_gof_9_2.csv,0,M-1,data,FALSE,1,0,1
,A8FUMDQFBKMXR,1508562705.0088828,1508562715.5034807,9943,6,Very Certain,Most complex overall structure,turk22,1,6,NA,jtts,1,NA,6,file23c900d7fb.svg,turk22,9,jtts_gof_9_3.csv,0,M-1,data,TRUE,3.340301961018899,0,3.340301961018899
,A1YYDRHVY4LL8K,1508566972.3243027,1508567011.0560641,9953,3,Certain,Most complex overall structure,turk22,1,3,NA,simttb,1,NA,3,file23c173203a2.svg,turk22,9,simttb_gof_9_3.csv,0,M-1,data,TRUE,10.090829369002902,0,10.090829369002902
,A2OAZPREKF6PQR,1508567307.8029213,1508567317.5192978,9971,2,Certain,Most complex overall structure,turk22,1,2,NA,bigmod,1,NA,2,file23c5ffb4a66.svg,turk22,9,bigmod_gof_9_1.csv,0,M-1,data,TRUE,1,0,1
,A37M4OVE9R80G,1508567360.1323688,1508567378.5299695,9951,2,Certain,Most complex overall structure,turk22,1,2,NA,simttb,1,NA,2,file23c5766b3e7.svg,turk22,9,simttb_gof_9_1.csv,0,M-1,data,TRUE,10.090829369002902,0,10.090829369002902
,A1YYDRHVY4LL8K,1508567414.9370575,1508567441.7600043,9951,4,Certain,Most simple overall structure,turk22,1,4,NA,simttb,1,NA,2,file23c5766b3e7.svg,turk22,9,simttb_gof_9_1.csv,0,M-1,data,FALSE,10.090829369002902,0,10.090829369002902
,AAWX7QFQUNM6D,1508567461.713752,1508567581.1435251,9951,2,Very Certain,"Other, The gap between the dots on the border is more than any other plot.",turk22,1,2,NA,simttb,1,NA,2,file23c5766b3e7.svg,turk22,9,simttb_gof_9_1.csv,0,M-1,data,TRUE,10.090829369002902,0,10.090829369002902
,A3VOMP0WOJTB4I ,1508567692.3598554,1508567712.603077,9952,3,Very Certain,Most complex overall structure,turk22,1,3,NA,simttb,1,NA,3,file23c57b180f3.svg,turk22,9,simttb_gof_9_2.csv,0,M-1,data,TRUE,10.090829369002902,0,10.090829369002902
,A1YYDRHVY4LL8K,1508567697.2405677,1508567719.397071,9973,6,Certain,Most complex overall structure,turk22,1,6,NA,bigmod,1,NA,6,file23c2357fc42.svg,turk22,9,bigmod_gof_9_3.csv,0,M-1,data,TRUE,1,0,1
,AHV4U78TUUDKI,1508571456.1480784,1508571468.399271,9943,6,Neutral,Most complex overall structure,turk22,1,6,NA,jtts,1,NA,6,file23c900d7fb.svg,turk22,9,jtts_gof_9_3.csv,0,M-1,data,TRUE,3.340301961018899,0,3.340301961018899
,A299J4PKHAEU9H,1508572481.0786207,1508572505.0270286,9952,3,Very Certain,Most complex overall structure,turk22,1,3,NA,simttb,1,NA,3,file23c57b180f3.svg,turk22,9,simttb_gof_9_2.csv,0,M-1,data,TRUE,10.090829369002902,0,10.090829369002902
,A27BUT19WQ6P1O,1508577135.5888162,1508577148.168304,9931,1,Certain,Most complex overall structure,turk22,1,1,NA,jttp,1,NA,2,file23c3125e678.svg,turk22,9,jttp_gof_9_1.csv,0,M-1,data,FALSE,-3.4498956944706896,0,-3.4498956944706896
,AMC42JMQA8A5U,1508577161.1237972,1508577179.53126,9943,6,Certain,Most simple overall structure,turk22,1,6,NA,jtts,1,NA,6,file23c900d7fb.svg,turk22,9,jtts_gof_9_3.csv,0,M-1,data,TRUE,3.340301961018899,0,3.340301961018899
,AY45B0YHI4TUP,1508577318.4121218,1508577333.4061809,9931,2,Certain,Most complex overall structure,turk22,1,2,NA,jttp,1,NA,2,file23c3125e678.svg,turk22,9,jttp_gof_9_1.csv,0,M-1,data,TRUE,-3.4498956944706896,0,-3.4498956944706896
,A129DU6FOHUVNO,1508577813.6311479,1508577858.669788,9943,6,Certain,Most complex overall structure,turk22,1,6,NA,jtts,1,NA,6,file23c900d7fb.svg,turk22,9,jtts_gof_9_3.csv,0,M-1,data,TRUE,3.340301961018899,0,3.340301961018899
,A3F6SDO4GYBE4Y,1508581472.0777879,1508581479.8291698,9932,1,Very Uncertain,Most complex overall structure,turk22,1,1,NA,jttp,1,NA,4,file23c10682062.svg,turk22,9,jttp_gof_9_2.csv,0,M-1,data,FALSE,-3.4498956944706896,0,-3.4498956944706896
,A2SY4E7MRC15MM,1508581537.2176218,1508581544.6279588,9932,4,Very Certain,Most complex overall structure,turk22,1,4,NA,jttp,1,NA,4,file23c10682062.svg,turk22,9,jttp_gof_9_2.csv,0,M-1,data,TRUE,-3.4498956944706896,0,-3.4498956944706896
,A13XXMDHOULEZ7,1508583089.0158021,1508583129.3295183,9942,4,Certain,Most simple overall structure,turk22,1,4,NA,jtts,1,NA,2,file23c562755d7.svg,turk22,9,jtts_gof_9_2.csv,0,M-1,data,FALSE,3.340301961018899,0,3.340301961018899
,A6FQHZ58DQ0S6,1508584213.158865,1508584223.8842838,9952,3,Neutral,Most complex overall structure,turk22,1,3,NA,simttb,1,NA,3,file23c57b180f3.svg,turk22,9,simttb_gof_9_2.csv,0,M-1,data,TRUE,10.090829369002902,0,10.090829369002902
,A21SF3IKIZB0VN,1508584978.8404837,1508585004.7245908,9952,3,Certain,Most complex overall structure,turk22,1,3,NA,simttb,1,NA,3,file23c57b180f3.svg,turk22,9,simttb_gof_9_2.csv,0,M-1,data,TRUE,10.090829369002902,0,10.090829369002902
,A19IWFLUTW6KQU,1508585772.1346617,1508585788.4317267,9941,3,Uncertain,Most simple overall structure,turk22,1,3,NA,jtts,1,NA,3,file23c5f40e48f.svg,turk22,9,jtts_gof_9_1.csv,0,M-1,data,TRUE,3.340301961018899,0,3.340301961018899
,AZNIEFUIVB2H0,1508586508.0350564,1508586526.061508,9971,2,Certain,Most complex overall structure,turk22,1,2,NA,bigmod,1,NA,2,file23c5ffb4a66.svg,turk22,9,bigmod_gof_9_1.csv,0,M-1,data,TRUE,1,0,1
,A1SFZ9BHP4WSAQ,1508587497.5161672,1508587510.6209176,9973,6,Certain,Most complex overall structure,turk22,1,6,NA,bigmod,1,NA,6,file23c2357fc42.svg,turk22,9,bigmod_gof_9_3.csv,0,M-1,data,TRUE,1,0,1
,A2LEY4X3LD8G26,1508588757.157285,1508588765.5686684,9932,4,Certain,Most complex overall structure,turk22,1,4,NA,jttp,1,NA,4,file23c10682062.svg,turk22,9,jttp_gof_9_2.csv,0,M-1,data,TRUE,-3.4498956944706896,0,-3.4498956944706896
,A2EDI66B0KTBEH,1508589685.1647267,1508589703.0461612,9951,4,Certain,Most simple overall structure,turk22,1,4,NA,simttb,1,NA,2,file23c5766b3e7.svg,turk22,9,simttb_gof_9_1.csv,0,M-1,data,FALSE,10.090829369002902,0,10.090829369002902
,A2MPA5OAT635HG,1508590885.289954,1508590906.228745,9942,2,Very Uncertain,Most simple overall structure,turk22,1,2,NA,jtts,1,NA,2,file23c562755d7.svg,turk22,9,jtts_gof_9_2.csv,0,M-1,data,TRUE,3.340301961018899,0,3.340301961018899
,A2BNOEYZ3VRW2R,1508591540.622407,1508591568.6191874,9942,4,Uncertain,Most simple overall structure,turk22,1,4,NA,jtts,1,NA,2,file23c562755d7.svg,turk22,9,jtts_gof_9_2.csv,0,M-1,data,FALSE,3.340301961018899,0,3.340301961018899
,A3ACR8IG31Q7K6,1508591821.9246104,1508591839.9518504,9971,4,Neutral,Most simple overall structure,turk22,1,4,NA,bigmod,1,NA,2,file23c5ffb4a66.svg,turk22,9,bigmod_gof_9_1.csv,0,M-1,data,FALSE,1,0,1
,A3ACR8IG31Q7K6,1508592041.877295,1508592052.7346826,9973,4,Neutral,Most complex overall structure,turk22,1,4,NA,bigmod,1,NA,6,file23c2357fc42.svg,turk22,9,bigmod_gof_9_3.csv,0,M-1,data,FALSE,1,0,1
,A3NAHN61XJ3ZAT,1508592301.4226143,1508592314.5531693,9973,6,Certain,Most complex overall structure,turk22,1,6,NA,bigmod,1,NA,6,file23c2357fc42.svg,turk22,9,bigmod_gof_9_3.csv,0,M-1,data,TRUE,1,0,1
,ADP7UNGJZKRSK,1508593549.5271788,1508593564.3481946,9973,6,Very Certain,Most complex overall structure,turk22,1,6,NA,bigmod,1,NA,6,file23c2357fc42.svg,turk22,9,bigmod_gof_9_3.csv,0,M-1,data,TRUE,1,0,1
,A3RLCGRXA34GC0,1508594571.8935392,1508594589.7916176,9952,3,Uncertain,Most complex overall structure,turk22,1,3,NA,simttb,1,NA,3,file23c57b180f3.svg,turk22,9,simttb_gof_9_2.csv,0,M-1,data,TRUE,10.090829369002902,0,10.090829369002902
,A1XB03X4J35ATE,1508594694.5465338,1508594709.6814287,9943,1,Certain,Most simple overall structure,turk22,1,1,NA,jtts,1,NA,6,file23c900d7fb.svg,turk22,9,jtts_gof_9_3.csv,0,M-1,data,FALSE,3.340301961018899,0,3.340301961018899
,A2MWAXV1YRK5GH,1508595004.4746714,1508595022.6339548,9943,6,Certain,Most complex overall structure,turk22,1,6,NA,jtts,1,NA,6,file23c900d7fb.svg,turk22,9,jtts_gof_9_3.csv,0,M-1,data,TRUE,3.340301961018899,0,3.340301961018899
,A3NI7KS3MIX1SO,1508595534.4748871,1508595545.4797966,9953,3,Very Certain,Most complex overall structure,turk22,1,3,NA,simttb,1,NA,3,file23c173203a2.svg,turk22,9,simttb_gof_9_3.csv,0,M-1,data,TRUE,10.090829369002902,0,10.090829369002902
,A3B7TNVOISSZ2O,1508596771.5509193,1508596777.4742005,9952,3,Very Certain,Most complex overall structure,turk22,1,3,NA,simttb,1,NA,3,file23c57b180f3.svg,turk22,9,simttb_gof_9_2.csv,0,M-1,data,TRUE,10.090829369002902,0,10.090829369002902
,A2REJHHCX9OHFI,1508596776.9401786,1508596791.880756,9951,2,Very Certain,Most complex overall structure,turk22,1,2,NA,simttb,1,NA,2,file23c5766b3e7.svg,turk22,9,simttb_gof_9_1.csv,0,M-1,data,TRUE,10.090829369002902,0,10.090829369002902
,A2REJHHCX9OHFI,1508597060.859763,1508597067.310675,9943,6,Uncertain,Most simple overall structure,turk22,1,6,NA,jtts,1,NA,6,file23c900d7fb.svg,turk22,9,jtts_gof_9_3.csv,0,M-1,data,TRUE,3.340301961018899,0,3.340301961018899
,A21753FQKCM5DQ,1508597095.0130718,1508597109.611321,9943,6,Certain,Most complex overall structure,turk22,1,6,NA,jtts,1,NA,6,file23c900d7fb.svg,turk22,9,jtts_gof_9_3.csv,0,M-1,data,TRUE,3.340301961018899,0,3.340301961018899
,A1ZS6ODC4COFFS,1508599142.5400212,1508599155.7036986,9932,4,Very Certain,Most complex overall structure,turk22,1,4,NA,jttp,1,NA,4,file23c10682062.svg,turk22,9,jttp_gof_9_2.csv,0,M-1,data,TRUE,-3.4498956944706896,0,-3.4498956944706896
,AEWGY34WUIA32,1508599280.5310798,1508599286.7769456,9942,5,Certain,Most simple overall structure,turk22,1,5,NA,jtts,1,NA,2,file23c562755d7.svg,turk22,9,jtts_gof_9_2.csv,0,M-1,data,FALSE,3.340301961018899,0,3.340301961018899
,AJPQEZBVJXVE9,1508601129.4631147,1508601142.6231406,9971,2,Certain,Most simple overall structure,turk22,1,2,NA,bigmod,1,NA,2,file23c5ffb4a66.svg,turk22,9,bigmod_gof_9_1.csv,0,M-1,data,TRUE,1,0,1
,A2F7D8EOTB663,1508603457.0316653,1508603476.0530396,9942,4,Very Certain,Most complex overall structure,turk22,1,4,NA,jtts,1,NA,2,file23c562755d7.svg,turk22,9,jtts_gof_9_2.csv,0,M-1,data,FALSE,3.340301961018899,0,3.340301961018899
,A3I9XLIHPPWPN1,1508604756.5407898,1508604767.115285,9933,2,Uncertain,Most complex overall structure,turk22,1,2,NA,jttp,1,NA,1,file23c336a4b8d.svg,turk22,9,jttp_gof_9_3.csv,0,M-1,data,FALSE,-3.4498956944706896,0,-3.4498956944706896
,A2QH1BQA6GR48O,1508606386.440338,1508606405.930348,9941,"3,6,5",Certain,Most simple overall structure,turk22,0.3333333333333333,3,NA,jtts,1,NA,3,file23c5f40e48f.svg,turk22,9,jtts_gof_9_1.csv,0,M-1,data,TRUE,3.340301961018899,0,3.340301961018899
,A2QH1BQA6GR48O,1508606386.440338,1508606405.930348,9941,"3,6,5",Certain,Most simple overall structure,turk22,0.3333333333333333,6,NA,jtts,1,NA,3,file23c5f40e48f.svg,turk22,9,jtts_gof_9_1.csv,0,M-1,data,FALSE,3.340301961018899,0,3.340301961018899
,A2QH1BQA6GR48O,1508606386.440338,1508606405.930348,9941,"3,6,5",Certain,Most simple overall structure,turk22,0.3333333333333333,5,NA,jtts,1,NA,3,file23c5f40e48f.svg,turk22,9,jtts_gof_9_1.csv,0,M-1,data,FALSE,3.340301961018899,0,3.340301961018899
,A248P03SBIGVNH,1508608086.6642108,1508608093.638486,9952,3,Very Certain,Most simple overall structure,turk22,1,3,NA,simttb,1,NA,3,file23c57b180f3.svg,turk22,9,simttb_gof_9_2.csv,0,M-1,data,TRUE,10.090829369002902,0,10.090829369002902
,A1PJLZSOUQ4MIL,1508608216.4672995,1508608228.6407335,9971,2,Certain,Most simple overall structure,turk22,1,2,NA,bigmod,1,NA,2,file23c5ffb4a66.svg,turk22,9,bigmod_gof_9_1.csv,0,M-1,data,TRUE,1,0,1
,A16QMHXE8G3ATJ,1508609379.118962,1508609400.4166079,9973,6,Uncertain,Most complex overall structure,turk22,1,6,NA,bigmod,1,NA,6,file23c2357fc42.svg,turk22,9,bigmod_gof_9_3.csv,0,M-1,data,TRUE,1,0,1
,AYSG3J2U3UF1Y,1508609627.7808144,1508609640.2871878,9973,5,Certain,Most simple overall structure,turk22,1,5,NA,bigmod,1,NA,6,file23c2357fc42.svg,turk22,9,bigmod_gof_9_3.csv,0,M-1,data,FALSE,1,0,1
,A2FUPODRRCESB,1508610212.645235,1508610255.2263677,9952,3,Certain,Most complex overall structure,turk22,1,3,NA,simttb,1,NA,3,file23c57b180f3.svg,turk22,9,simttb_gof_9_2.csv,0,M-1,data,TRUE,10.090829369002902,0,10.090829369002902
,A3EJ44J2ZNRMDA,1508613101.2560642,1508613116.7142794,9941,4,Certain,Most complex overall structure,turk22,1,4,NA,jtts,1,NA,3,file23c5f40e48f.svg,turk22,9,jtts_gof_9_1.csv,0,M-1,data,FALSE,3.340301961018899,0,3.340301961018899
,A37Y5CTJ8HCQER,1508613604.6472917,1508613625.11386,9971,2,Certain,Most complex overall structure,turk22,1,2,NA,bigmod,1,NA,2,file23c5ffb4a66.svg,turk22,9,bigmod_gof_9_1.csv,0,M-1,data,TRUE,1,0,1
,AS4WHZ0EVURW,1508613783.7119787,1508613789.8628356,9973,6,Certain,Most simple overall structure,turk22,1,6,NA,bigmod,1,NA,6,file23c2357fc42.svg,turk22,9,bigmod_gof_9_3.csv,0,M-1,data,TRUE,1,0,1
,A26XN1TM6CV01T,1508629218.7417,1508629226.94304,9931,2,Certain,Most complex overall structure,turk22,1,2,NA,jttp,1,NA,2,file23c3125e678.svg,turk22,9,jttp_gof_9_1.csv,0,M-1,data,TRUE,-3.4498956944706896,0,-3.4498956944706896
,A80PZ8RASZZJI,1508629378.0422328,1508629391.2253976,9953,3,Very Certain,"Other, Point density",turk22,1,3,NA,simttb,1,NA,3,file23c173203a2.svg,turk22,9,simttb_gof_9_3.csv,0,M-1,data,TRUE,10.090829369002902,0,10.090829369002902
,A218S9QMWS15U,1508629370.25611,1508629395.39078,9931,2,Neutral,Most complex overall structure,turk22,1,2,NA,jttp,1,NA,2,file23c3125e678.svg,turk22,9,jttp_gof_9_1.csv,0,M-1,data,TRUE,-3.4498956944706896,0,-3.4498956944706896
,ATKG4FI2S5MVL,1508630326.37856,1508630337.0683908,9942,4,Certain,Most simple overall structure,turk22,1,4,NA,jtts,1,NA,2,file23c562755d7.svg,turk22,9,jtts_gof_9_2.csv,0,M-1,data,FALSE,3.340301961018899,0,3.340301961018899
,A3L1OIVE57IMT2,1508632893.3568323,1508632903.9662087,9972,4,Neutral,Most complex overall structure,turk22,1,4,NA,bigmod,1,NA,4,file23c68da9ce8.svg,turk22,9,bigmod_gof_9_2.csv,0,M-1,data,TRUE,1,0,1
,A2F0X4LN9N4O4C,1508635474.6633549,1508635481.278423,9952,3,Very Uncertain,Most complex overall structure,turk22,1,3,NA,simttb,1,NA,3,file23c57b180f3.svg,turk22,9,simttb_gof_9_2.csv,0,M-1,data,TRUE,10.090829369002902,0,10.090829369002902
,A2KXARDIOGJL8T,1508636269.547134,1508636290.470303,9971,2,Certain,Most simple overall structure,turk22,1,2,NA,bigmod,1,NA,2,file23c5ffb4a66.svg,turk22,9,bigmod_gof_9_1.csv,0,M-1,data,TRUE,1,0,1
,A1ESCPVSM3GQ95,1508637760.536486,1508637769.3062785,9942,2,Neutral,Most complex overall structure,turk22,1,2,NA,jtts,1,NA,2,file23c562755d7.svg,turk22,9,jtts_gof_9_2.csv,0,M-1,data,TRUE,3.340301961018899,0,3.340301961018899
,A2QGQOWEM9G55,1508638421.2239842,1508638439.7258215,9943,6,Certain,Most complex overall structure,turk22,1,6,NA,jtts,1,NA,6,file23c900d7fb.svg,turk22,9,jtts_gof_9_3.csv,0,M-1,data,TRUE,3.340301961018899,0,3.340301961018899
,ANK8K5WTHJ61C,1508638704.5750284,1508638773.1960573,9943,5,Certain,Most complex overall structure,turk22,1,5,NA,jtts,1,NA,6,file23c900d7fb.svg,turk22,9,jtts_gof_9_3.csv,0,M-1,data,FALSE,3.340301961018899,0,3.340301961018899
,A2R6RDZ07V4KWB,1508640228.133512,1508640235.5277276,9943,6,Certain,Most simple overall structure,turk22,1,6,NA,jtts,1,NA,6,file23c900d7fb.svg,turk22,9,jtts_gof_9_3.csv,0,M-1,data,TRUE,3.340301961018899,0,3.340301961018899
,A3PRZRK9IC5CBI,1508641067.7541273,1508641074.959505,9971,2,Very Certain,Most simple overall structure,turk22,1,2,NA,bigmod,1,NA,2,file23c5ffb4a66.svg,turk22,9,bigmod_gof_9_1.csv,0,M-1,data,TRUE,1,0,1
,A248ARSA6FS20S,1508641314.200606,1508641333.853369,9953,3,Certain,Most simple overall structure,turk22,1,3,NA,simttb,1,NA,3,file23c173203a2.svg,turk22,9,simttb_gof_9_3.csv,0,M-1,data,TRUE,10.090829369002902,0,10.090829369002902
,A28FONGJUKJEVK,1508645635.2407122,1508645659.788823,9941,3,Certain,Most complex overall structure,turk22,1,3,NA,jtts,1,NA,3,file23c5f40e48f.svg,turk22,9,jtts_gof_9_1.csv,0,M-1,data,TRUE,3.340301961018899,0,3.340301961018899
,A1LTRUIMP3O0HG,1508646275.055083,1508646292.78727,9931,2,Very Certain,Most complex overall structure,turk22,1,2,NA,jttp,1,NA,2,file23c3125e678.svg,turk22,9,jttp_gof_9_1.csv,0,M-1,data,TRUE,-3.4498956944706896,0,-3.4498956944706896
,A28FONGJUKJEVK,1508646329.3420095,1508646353.1231563,9951,4,Certain,Most simple overall structure,turk22,1,4,NA,simttb,1,NA,2,file23c5766b3e7.svg,turk22,9,simttb_gof_9_1.csv,0,M-1,data,FALSE,10.090829369002902,0,10.090829369002902
,A2AWBDW9V1E9KT,1508646334.130397,1508646423.9170518,9951,2,Uncertain,Most complex overall structure,turk22,1,2,NA,simttb,1,NA,2,file23c5766b3e7.svg,turk22,9,simttb_gof_9_1.csv,0,M-1,data,TRUE,10.090829369002902,0,10.090829369002902
,A1TA30P0NOOGE2,1508647111.293358,1508647121.3562126,9953,3,Certain,Most complex overall structure,turk22,1,3,NA,simttb,1,NA,3,file23c173203a2.svg,turk22,9,simttb_gof_9_3.csv,0,M-1,data,TRUE,10.090829369002902,0,10.090829369002902
,A1DRFDGG2KCOI2,1508657040.2352357,1508657064.6986992,9951,2,Certain,Most simple overall structure,turk22,1,2,NA,simttb,1,NA,2,file23c5766b3e7.svg,turk22,9,simttb_gof_9_1.csv,0,M-1,data,TRUE,10.090829369002902,0,10.090829369002902
,A31XNLA9REVGXL,1508661951.4094474,1508661964.8090634,9931,2,Neutral,Most complex overall structure,turk22,1,2,NA,jttp,1,NA,2,file23c3125e678.svg,turk22,9,jttp_gof_9_1.csv,0,M-1,data,TRUE,-3.4498956944706896,0,-3.4498956944706896
,A2GXHECU31O81V,1508670385.979261,1508670392.5603113,9952,5,Very Certain,Most simple overall structure,turk22,1,5,NA,simttb,1,NA,3,file23c57b180f3.svg,turk22,9,simttb_gof_9_2.csv,0,M-1,data,FALSE,10.090829369002902,0,10.090829369002902
,A27IABVBUZ9X8Z,1508672815.708478,1508672825.7362592,9931,2,Certain,Most simple overall structure,turk22,1,2,NA,jttp,1,NA,2,file23c3125e678.svg,turk22,9,jttp_gof_9_1.csv,0,M-1,data,TRUE,-3.4498956944706896,0,-3.4498956944706896
,A3KNO82DZ519HG,1508672927.797015,1508672940.2325666,9931,2,Certain,Most complex overall structure,turk22,1,2,NA,jttp,1,NA,2,file23c3125e678.svg,turk22,9,jttp_gof_9_1.csv,0,M-1,data,TRUE,-3.4498956944706896,0,-3.4498956944706896
,AQV468FB908WI,1508682198.35216,1508682219.7785091,9932,4,Neutral,Most complex overall structure,turk22,1,4,NA,jttp,1,NA,4,file23c10682062.svg,turk22,9,jttp_gof_9_2.csv,0,M-1,data,TRUE,-3.4498956944706896,0,-3.4498956944706896
,AYDILOZLKOAS8,1508684601.3518434,1508684611.3914726,9932,4,Very Certain,Most complex overall structure,turk22,1,4,NA,jttp,1,NA,4,file23c10682062.svg,turk22,9,jttp_gof_9_2.csv,0,M-1,data,TRUE,-3.4498956944706896,0,-3.4498956944706896
,ANV8C2DATCAPB,1508685823.74837,1508685831.76518,9943,8,Very Certain,Most complex overall structure,turk22,1,8,NA,jtts,1,NA,6,file23c900d7fb.svg,turk22,9,jtts_gof_9_3.csv,0,M-1,data,FALSE,3.340301961018899,0,3.340301961018899
,A2RD3SABM4KS9J,1508689204.0670838,1508689227.702684,9973,6,Neutral,Most complex overall structure,turk22,1,6,NA,bigmod,1,NA,6,file23c2357fc42.svg,turk22,9,bigmod_gof_9_3.csv,0,M-1,data,TRUE,1,0,1
,ASHXZ2ZVZ6HF0,1508689299.5549424,1508689317.9218175,9973,6,Very Certain,Most complex overall structure,turk22,1,6,NA,bigmod,1,NA,6,file23c2357fc42.svg,turk22,9,bigmod_gof_9_3.csv,0,M-1,data,TRUE,1,0,1
,A30MLBCTI3OWIR,1508690304.4653,1508690342.640751,9973,6,Neutral,Most complex overall structure,turk22,1,6,NA,bigmod,1,NA,6,file23c2357fc42.svg,turk22,9,bigmod_gof_9_3.csv,0,M-1,data,TRUE,1,0,1
,A3LRZX8477TYYZ,1508696528.2712214,1508696537.7828727,9943,6,Uncertain,Most simple overall structure,turk22,1,6,NA,jtts,1,NA,6,file23c900d7fb.svg,turk22,9,jtts_gof_9_3.csv,0,M-1,data,TRUE,3.340301961018899,0,3.340301961018899
,A3DZGDF9HCTAOB,1508700257.4182565,1508700281.3241773,9951,3,Very Certain,Most complex overall structure,turk22,1,3,NA,simttb,1,NA,2,file23c5766b3e7.svg,turk22,9,simttb_gof_9_1.csv,0,M-1,data,FALSE,10.090829369002902,0,10.090829369002902
,A3BL2ZEODD79AZ,1508703231.3601089,1508703294.622906,9973,6,Neutral,Most complex overall structure,turk22,1,6,NA,bigmod,1,NA,6,file23c2357fc42.svg,turk22,9,bigmod_gof_9_3.csv,0,M-1,data,TRUE,1,0,1
,AOQWB8XEHSD9D,1508708951.3544743,1508708966.3840425,9953,3,Neutral,Most complex overall structure,turk22,1,3,NA,simttb,1,NA,3,file23c173203a2.svg,turk22,9,simttb_gof_9_3.csv,0,M-1,data,TRUE,10.090829369002902,0,10.090829369002902
,A28L1K6D8QUCML,1508709552.869817,1508709570.393612,9933,1,Certain,Most complex overall structure,turk22,1,1,NA,jttp,1,NA,1,file23c336a4b8d.svg,turk22,9,jttp_gof_9_3.csv,0,M-1,data,TRUE,-3.4498956944706896,0,-3.4498956944706896
,A2HHGI5CNSS5PD,1508711165.1156628,1508711187.4619849,9951,2,Certain,Most complex overall structure,turk22,1,2,NA,simttb,1,NA,2,file23c5766b3e7.svg,turk22,9,simttb_gof_9_1.csv,0,M-1,data,TRUE,10.090829369002902,0,10.090829369002902
,A127F80LLYOQ22,1508711885.5682716,1508711900.628936,9943,3,Neutral,Most complex overall structure,turk22,1,3,NA,jtts,1,NA,6,file23c900d7fb.svg,turk22,9,jtts_gof_9_3.csv,0,M-1,data,FALSE,3.340301961018899,0,3.340301961018899
,A3JZS32RQUWGJM,1508712026.3011425,1508712033.1237333,9952,3,Neutral,Most complex overall structure,turk22,1,3,NA,simttb,1,NA,3,file23c57b180f3.svg,turk22,9,simttb_gof_9_2.csv,0,M-1,data,TRUE,10.090829369002902,0,10.090829369002902
,A127F80LLYOQ22,1508712132.6606197,1508712144.5769033,9943,3,Neutral,Most simple overall structure,turk22,1,3,NA,jtts,1,NA,6,file23c900d7fb.svg,turk22,9,jtts_gof_9_3.csv,0,M-1,data,FALSE,3.340301961018899,0,3.340301961018899
,A2JPOXYZM5AJZZ,1508713543.7400737,1508713554.949494,9952,3,Certain,Most simple overall structure,turk22,1,3,NA,simttb,1,NA,3,file23c57b180f3.svg,turk22,9,simttb_gof_9_2.csv,0,M-1,data,TRUE,10.090829369002902,0,10.090829369002902
,A1909MOQZUXZZ5,1508719467.6584144,1508719480.3793073,9973,3,Certain,Most simple overall structure,turk22,1,3,NA,bigmod,1,NA,6,file23c2357fc42.svg,turk22,9,bigmod_gof_9_3.csv,0,M-1,data,FALSE,1,0,1
,A1FGKIKJYSL1MI,1508719805.8941016,1508719814.670193,9931,2,Very Certain,Most complex overall structure,turk22,1,2,NA,jttp,1,NA,2,file23c3125e678.svg,turk22,9,jttp_gof_9_1.csv,0,M-1,data,TRUE,-3.4498956944706896,0,-3.4498956944706896
,AB66CTVQ90RCV,1508720923.3185241,1508720932.006479,9943,6,Certain,Most complex overall structure,turk22,1,6,NA,jtts,1,NA,6,file23c900d7fb.svg,turk22,9,jtts_gof_9_3.csv,0,M-1,data,TRUE,3.340301961018899,0,3.340301961018899
,A3DZGDF9HCTAOB,1508722064.1912897,1508722245.6734612,9943,6,Very Certain,"Most simple overall structure, Other, This plot is different because it has a complex structure on only one side",turk22,1,6,NA,jtts,1,NA,6,file23c900d7fb.svg,turk22,9,jtts_gof_9_3.csv,0,M-1,data,TRUE,3.340301961018899,0,3.340301961018899
,A2389DERMNF3ZB,1508722744.9246798,1508722792.152027,9972,1,Uncertain,Most simple overall structure,turk22,1,1,NA,bigmod,1,NA,4,file23c68da9ce8.svg,turk22,9,bigmod_gof_9_2.csv,0,M-1,data,FALSE,1,0,1
,A2JP8W265WCC35,1508723221.9773252,1508723242.7305262,9932,4,Uncertain,Most complex overall structure,turk22,1,4,NA,jttp,1,NA,4,file23c10682062.svg,turk22,9,jttp_gof_9_2.csv,0,M-1,data,TRUE,-3.4498956944706896,0,-3.4498956944706896
,A1TWZEOYQV4LGI,1508723536.868554,1508723594.7021592,9931,1,Neutral,Most complex overall structure,turk22,1,1,NA,jttp,1,NA,2,file23c3125e678.svg,turk22,9,jttp_gof_9_1.csv,0,M-1,data,FALSE,-3.4498956944706896,0,-3.4498956944706896
,A10QUVJBDFSJYH,1508727028.346826,1508727050.258343,9931,1,Very Certain,Most complex overall structure,turk22,1,1,NA,jttp,1,NA,2,file23c3125e678.svg,turk22,9,jttp_gof_9_1.csv,0,M-1,data,FALSE,-3.4498956944706896,0,-3.4498956944706896
,A3N5P5VO81FIJ6,1508727197.4838657,1508727217.4089825,9931,2,Certain,Most complex overall structure,turk22,1,2,NA,jttp,1,NA,2,file23c3125e678.svg,turk22,9,jttp_gof_9_1.csv,0,M-1,data,TRUE,-3.4498956944706896,0,-3.4498956944706896
,A10QUVJBDFSJYH,1508727955.975803,1508727974.6860163,9941,3,Certain,Most simple overall structure,turk22,1,3,NA,jtts,1,NA,3,file23c5f40e48f.svg,turk22,9,jtts_gof_9_1.csv,0,M-1,data,TRUE,3.340301961018899,0,3.340301961018899
,A30VWG504DQHA5,1508731154.2891066,1508731170.6523094,9953,2,Certain,Most complex overall structure,turk22,1,2,NA,simttb,1,NA,3,file23c173203a2.svg,turk22,9,simttb_gof_9_3.csv,0,M-1,data,FALSE,10.090829369002902,0,10.090829369002902
,ATUR98N8W23Q3,1508736416.8378055,1508736428.613486,9953,"3,4",Neutral,Most simple overall structure,turk22,0.5,3,NA,simttb,1,NA,3,file23c173203a2.svg,turk22,9,simttb_gof_9_3.csv,0,M-1,data,TRUE,10.090829369002902,0,10.090829369002902
,ATUR98N8W23Q3,1508736416.8378055,1508736428.613486,9953,"3,4",Neutral,Most simple overall structure,turk22,0.5,4,NA,simttb,1,NA,3,file23c173203a2.svg,turk22,9,simttb_gof_9_3.csv,0,M-1,data,FALSE,10.090829369002902,0,10.090829369002902
,A21EZISIJ3JPSW,1508736519.1068547,1508736532.966037,9953,3,Uncertain,Most complex overall structure,turk22,1,3,NA,simttb,1,NA,3,file23c173203a2.svg,turk22,9,simttb_gof_9_3.csv,0,M-1,data,TRUE,10.090829369002902,0,10.090829369002902
,A1YSYI926BBOHW,1508737515.161885,1508737524.0657277,9972,4,Very Certain,Most complex overall structure,turk22,1,4,NA,bigmod,1,NA,4,file23c68da9ce8.svg,turk22,9,bigmod_gof_9_2.csv,0,M-1,data,TRUE,1,0,1
,A2AO7QP5THYKQF,1508737923.0312638,1508737936.2497997,9973,6,Very Certain,Most simple overall structure,turk22,1,6,NA,bigmod,1,NA,6,file23c2357fc42.svg,turk22,9,bigmod_gof_9_3.csv,0,M-1,data,TRUE,1,0,1
,A4JU6ZFL8C1VG,1508738971.5380154,1508738980.4332507,9971,2,Certain,Most complex overall structure,turk22,1,2,NA,bigmod,1,NA,2,file23c5ffb4a66.svg,turk22,9,bigmod_gof_9_1.csv,0,M-1,data,TRUE,1,0,1
,A1USDMJVT10CE4,1508748222.5535545,1508748230.2432294,9952,3,Certain,Most simple overall structure,turk22,1,3,NA,simttb,1,NA,3,file23c57b180f3.svg,turk22,9,simttb_gof_9_2.csv,0,M-1,data,TRUE,10.090829369002902,0,10.090829369002902
,A320BT7PLIQVZT,1508748226.217702,1508748236.152567,9952,3,Certain,Most simple overall structure,turk22,1,3,NA,simttb,1,NA,3,file23c57b180f3.svg,turk22,9,simttb_gof_9_2.csv,0,M-1,data,TRUE,10.090829369002902,0,10.090829369002902
,A2C6KUVF0FAIY8,1508752859.55202,1508752880.411848,9973,6,Neutral,Most complex overall structure,turk22,1,6,NA,bigmod,1,NA,6,file23c2357fc42.svg,turk22,9,bigmod_gof_9_3.csv,0,M-1,data,TRUE,1,0,1
,A2C6KUVF0FAIY8,1508753005.8158803,1508753018.3906424,9931,2,Neutral,Most complex overall structure,turk22,1,2,NA,jttp,1,NA,2,file23c3125e678.svg,turk22,9,jttp_gof_9_1.csv,0,M-1,data,TRUE,-3.4498956944706896,0,-3.4498956944706896
,AJD3JOWNVDZD1,1508756579.9141557,1508756623.4757621,9952,1,Very Uncertain,Most simple overall structure,turk22,1,1,NA,simttb,1,NA,3,file23c57b180f3.svg,turk22,9,simttb_gof_9_2.csv,0,M-1,data,FALSE,10.090829369002902,0,10.090829369002902
,A2IRHCO3GWX449,1508756884.4493327,1508756910.852313,9931,5,Neutral,Most complex overall structure,turk22,1,5,NA,jttp,1,NA,2,file23c3125e678.svg,turk22,9,jttp_gof_9_1.csv,0,M-1,data,FALSE,-3.4498956944706896,0,-3.4498956944706896
,A21ZMR7O42OSMI,1508757099.1337936,1508757108.5796986,9943,6,Very Certain,Most complex overall structure,turk22,1,6,NA,jtts,1,NA,6,file23c900d7fb.svg,turk22,9,jtts_gof_9_3.csv,0,M-1,data,TRUE,3.340301961018899,0,3.340301961018899
,A21ZMR7O42OSMI,1508757246.6445646,1508757253.500677,9941,3,Certain,Most complex overall structure,turk22,1,3,NA,jtts,1,NA,3,file23c5f40e48f.svg,turk22,9,jtts_gof_9_1.csv,0,M-1,data,TRUE,3.340301961018899,0,3.340301961018899
,A4ZPIPBDO624H,1508757837.2517443,1508757846.8921964,9931,2,Certain,Most complex overall structure,turk22,1,2,NA,jttp,1,NA,2,file23c3125e678.svg,turk22,9,jttp_gof_9_1.csv,0,M-1,data,TRUE,-3.4498956944706896,0,-3.4498956944706896
,A2YPZF41N7BFA2,1508759141.9464355,1508759165.0666015,9953,3,Neutral,Most complex overall structure,turk22,1,3,NA,simttb,1,NA,3,file23c173203a2.svg,turk22,9,simttb_gof_9_3.csv,0,M-1,data,TRUE,10.090829369002902,0,10.090829369002902
,A3B9OZQTE4US3T,1508760848.4933875,1508760860.733072,9951,4,Neutral,Most simple overall structure,turk22,1,4,NA,simttb,1,NA,2,file23c5766b3e7.svg,turk22,9,simttb_gof_9_1.csv,0,M-1,data,FALSE,10.090829369002902,0,10.090829369002902
,A3O81LHBBI8NPK,1508761568.8091886,1508761583.1889992,9933,1,Very Certain,Most complex overall structure,turk22,1,1,NA,jttp,1,NA,1,file23c336a4b8d.svg,turk22,9,jttp_gof_9_3.csv,0,M-1,data,TRUE,-3.4498956944706896,0,-3.4498956944706896
,A3BHRFFG75X3GO,1508762046.3235917,1508762058.7316935,9952,3,Very Certain,Most complex overall structure,turk22,1,3,NA,simttb,1,NA,3,file23c57b180f3.svg,turk22,9,simttb_gof_9_2.csv,0,M-1,data,TRUE,10.090829369002902,0,10.090829369002902
,A7HJ206MCGJ18,1508762171.8176467,1508762184.1984065,9952,3,Certain,Most complex overall structure,turk22,1,3,NA,simttb,1,NA,3,file23c57b180f3.svg,turk22,9,simttb_gof_9_2.csv,0,M-1,data,TRUE,10.090829369002902,0,10.090829369002902
,A2HHKBW8HQWI66,1508764795.665319,1508764955.6939545,9971,2,Certain,Most complex overall structure,turk22,1,2,NA,bigmod,1,NA,2,file23c5ffb4a66.svg,turk22,9,bigmod_gof_9_1.csv,0,M-1,data,TRUE,1,0,1
,A2HHKBW8HQWI66,1508765180.2412739,1508765185.254311,9933,1,Certain,Most complex overall structure,turk22,1,1,NA,jttp,1,NA,1,file23c336a4b8d.svg,turk22,9,jttp_gof_9_3.csv,0,M-1,data,TRUE,-3.4498956944706896,0,-3.4498956944706896
,AU2NVT51E749C,1508765396.1007352,1508765410.8982008,9951,4,Certain,Most complex overall structure,turk22,1,4,NA,simttb,1,NA,2,file23c5766b3e7.svg,turk22,9,simttb_gof_9_1.csv,0,M-1,data,FALSE,10.090829369002902,0,10.090829369002902
,A2HHKBW8HQWI66,1508765497.371769,1508765503.5674756,9971,2,Very Certain,Most complex overall structure,turk22,1,2,NA,bigmod,1,NA,2,file23c5ffb4a66.svg,turk22,9,bigmod_gof_9_1.csv,0,M-1,data,TRUE,1,0,1
,A2JCK494NV7TFX,1508765872.7419748,1508765890.22167,9931,2,Neutral,Most complex overall structure,turk22,1,2,NA,jttp,1,NA,2,file23c3125e678.svg,turk22,9,jttp_gof_9_1.csv,0,M-1,data,TRUE,-3.4498956944706896,0,-3.4498956944706896
,A2QQY4S73JO639,1508768740.539408,1508768780.6022599,9943,6,Neutral,"Other, differ from others",turk22,1,6,NA,jtts,1,NA,6,file23c900d7fb.svg,turk22,9,jtts_gof_9_3.csv,0,M-1,data,TRUE,3.340301961018899,0,3.340301961018899
,A39C1BN9ZSQ0R2,1508772134.8326936,1508772148.0215175,9931,2,Certain,Most complex overall structure,turk22,1,2,NA,jttp,1,NA,2,file23c3125e678.svg,turk22,9,jttp_gof_9_1.csv,0,M-1,data,TRUE,-3.4498956944706896,0,-3.4498956944706896
,A2MW2KLUNJ5SF8,1508777795.8646443,1508777805.1747742,9951,4,Certain,Most simple overall structure,turk22,1,4,NA,simttb,1,NA,2,file23c5766b3e7.svg,turk22,9,simttb_gof_9_1.csv,0,M-1,data,FALSE,10.090829369002902,0,10.090829369002902
,A1CIIX0CB0GR7H,1508777930.9247167,1508777962.563524,9972,4,Uncertain,Most complex overall structure,turk22,1,4,NA,bigmod,1,NA,4,file23c68da9ce8.svg,turk22,9,bigmod_gof_9_2.csv,0,M-1,data,TRUE,1,0,1
,A1Z7S5WSYCVE0K,1508786026.4004622,1508786336.663768,9953,3,Very Certain,Most simple overall structure,turk22,1,3,NA,simttb,1,NA,3,file23c173203a2.svg,turk22,9,simttb_gof_9_3.csv,0,M-1,data,TRUE,10.090829369002902,0,10.090829369002902
